0 verbose cli C:\Program Files\nodejs\node.exe C:\Users\notai\AppData\Roaming\npm\node_modules\npm\bin\npm-cli.js
1 info using npm@11.11.0
2 info using node@v22.14.0
3 silly config load:file:C:\Users\notai\AppData\Roaming\npm\node_modules\npm\npmrc
4 silly config load:file:D:\Software Projects\tacommodity-nextjs\.npmrc
5 silly config load:file:C:\Users\notai\.npmrc
6 silly config load:file:C:\Users\notai\AppData\Roaming\npm\etc\npmrc
7 verbose title npm install resend react-hook-form zod @hookform/resolvers
8 verbose argv "install" "resend" "react-hook-form" "zod" "@hookform/resolvers"
9 verbose logfile logs-max:10 dir:D:\Software Projects\tacommodity-nextjs\notai\packages\npm\_logs\2026-05-04T10_39_12_099Z-
10 verbose logfile D:\Software Projects\tacommodity-nextjs\notai\packages\npm\_logs\2026-05-04T10_39_12_099Z-debug-0.log
11 silly logfile start cleaning logs, removing 1 files
12 silly packumentCache heap:4345298944 maxSize:1086324736 maxEntrySize:543162368
13 silly logfile done cleaning log files
14 silly idealTree buildDeps
15 silly fetch manifest resend@*
16 silly packumentCache full:https://registry.npmjs.org/resend cache-miss
17 http fetch GET 200 https://registry.npmjs.org/resend 2277ms (cache miss)
18 silly packumentCache full:https://registry.npmjs.org/resend set size:undefined disposed:false
19 silly fetch manifest @react-email/render@*
20 silly packumentCache full:https://registry.npmjs.org/@react-email%2frender cache-miss
21 http fetch GET 200 https://registry.npmjs.org/@react-email%2frender 263ms (cache miss)
22 silly packumentCache full:https://registry.npmjs.org/@react-email%2frender set size:undefined disposed:false
23 silly fetch manifest react@^19.0.0
24 silly packumentCache full:https://registry.npmjs.org/react cache-miss
25 http fetch GET 200 https://registry.npmjs.org/react 1411ms (cache miss)
26 silly packumentCache full:https://registry.npmjs.org/react set size:undefined disposed:false
27 silly fetch manifest react-dom@^19.0.0
28 silly packumentCache full:https://registry.npmjs.org/react-dom cache-miss
29 http fetch GET 200 https://registry.npmjs.org/react-dom 778ms (cache miss)
30 silly packumentCache full:https://registry.npmjs.org/react-dom set size:undefined disposed:false
31 silly fetch manifest react-hook-form@*
32 silly packumentCache full:https://registry.npmjs.org/react-hook-form cache-miss
33 http fetch GET 200 https://registry.npmjs.org/react-hook-form 2821ms (cache miss)
34 silly packumentCache full:https://registry.npmjs.org/react-hook-form set size:undefined disposed:false
35 silly fetch manifest zod@*
36 silly packumentCache full:https://registry.npmjs.org/zod cache-miss
37 http fetch GET 200 https://registry.npmjs.org/zod 442ms (cache miss)
38 silly packumentCache full:https://registry.npmjs.org/zod set size:undefined disposed:false
39 silly fetch manifest @hookform/resolvers@*
40 silly packumentCache full:https://registry.npmjs.org/@hookform%2fresolvers cache-miss
41 http fetch GET 200 https://registry.npmjs.org/@hookform%2fresolvers 302ms (cache miss)
42 silly packumentCache full:https://registry.npmjs.org/@hookform%2fresolvers set size:undefined disposed:false
43 silly placeDep ROOT @hookform/resolvers@5.2.2 OK for: tacommodity@0.1.0 want: *
44 silly placeDep ROOT react-hook-form@7.75.0 OK for: @hookform/resolvers@5.2.2 want: ^7.55.0
45 silly placeDep ROOT react-hook-form@7.75.0 REPLACE for: tacommodity@0.1.0 want: *
46 silly placeDep ROOT resend@6.12.2 OK for: tacommodity@0.1.0 want: *
47 silly placeDep ROOT zod@4.4.3 OK for: tacommodity@0.1.0 want: *
48 silly fetch manifest @standard-schema/utils@^0.3.0
49 silly packumentCache full:https://registry.npmjs.org/@standard-schema%2futils cache-miss
50 silly fetch manifest postal-mime@2.7.4
51 silly packumentCache full:https://registry.npmjs.org/postal-mime cache-miss
52 silly fetch manifest svix@1.90.0
53 silly packumentCache full:https://registry.npmjs.org/svix cache-miss
54 http fetch GET 200 https://registry.npmjs.org/@standard-schema%2futils 284ms (cache miss)
55 silly packumentCache full:https://registry.npmjs.org/@standard-schema%2futils set size:undefined disposed:false
56 http fetch GET 200 https://registry.npmjs.org/postal-mime 3489ms (cache miss)
57 silly packumentCache full:https://registry.npmjs.org/postal-mime set size:undefined disposed:false
58 http fetch GET 200 https://registry.npmjs.org/svix 4340ms (cache miss)
59 silly packumentCache full:https://registry.npmjs.org/svix set size:undefined disposed:false
60 silly placeDep ROOT @standard-schema/utils@0.3.0 OK for: @hookform/resolvers@5.2.2 want: ^0.3.0
61 silly placeDep ROOT postal-mime@2.7.4 OK for: resend@6.12.2 want: 2.7.4
62 silly placeDep ROOT svix@1.90.0 OK for: resend@6.12.2 want: 1.90.0
63 silly fetch manifest uuid@^10.0.0
64 silly packumentCache full:https://registry.npmjs.org/uuid cache-miss
65 silly fetch manifest standardwebhooks@1.0.0
66 silly packumentCache full:https://registry.npmjs.org/standardwebhooks cache-miss
67 http fetch GET 200 https://registry.npmjs.org/standardwebhooks 391ms (cache miss)
68 silly packumentCache full:https://registry.npmjs.org/standardwebhooks set size:undefined disposed:false
69 http fetch GET 200 https://registry.npmjs.org/uuid 399ms (cache updated)
70 silly packumentCache full:https://registry.npmjs.org/uuid set size:undefined disposed:false
71 silly placeDep ROOT standardwebhooks@1.0.0 OK for: svix@1.90.0 want: 1.0.0
72 silly placeDep node_modules/svix uuid@10.0.0 OK for: svix@1.90.0 want: ^10.0.0
73 silly fetch manifest @stablelib/base64@^1.0.0
74 silly packumentCache full:https://registry.npmjs.org/@stablelib%2fbase64 cache-miss
75 silly fetch manifest fast-sha256@^1.3.0
76 silly packumentCache full:https://registry.npmjs.org/fast-sha256 cache-miss
77 http fetch GET 200 https://registry.npmjs.org/fast-sha256 310ms (cache miss)
78 silly packumentCache full:https://registry.npmjs.org/fast-sha256 set size:undefined disposed:false
79 http fetch GET 200 https://registry.npmjs.org/@stablelib%2fbase64 489ms (cache miss)
80 silly packumentCache full:https://registry.npmjs.org/@stablelib%2fbase64 set size:undefined disposed:false
81 silly placeDep ROOT @stablelib/base64@1.0.1 OK for: standardwebhooks@1.0.0 want: ^1.0.0
82 silly placeDep ROOT fast-sha256@1.3.0 OK for: standardwebhooks@1.0.0 want: ^1.3.0
83 silly reify moves {}
84 silly audit bulk request {
84 silly audit   '@aws-crypto/crc32': [ '5.2.0' ],
84 silly audit   '@aws-crypto/crc32c': [ '5.2.0' ],
84 silly audit   '@aws-crypto/sha1-browser': [ '5.2.0' ],
84 silly audit   '@smithy/is-array-buffer': [ '2.2.0', '4.0.0' ],
84 silly audit   '@smithy/util-buffer-from': [ '2.2.0', '4.0.0' ],
84 silly audit   '@smithy/util-utf8': [ '2.3.0', '4.0.0' ],
84 silly audit   '@aws-crypto/sha256-browser': [ '5.2.0' ],
84 silly audit   '@aws-crypto/sha256-js': [ '5.2.0' ],
84 silly audit   '@aws-crypto/supports-web-crypto': [ '5.2.0' ],
84 silly audit   '@aws-crypto/util': [ '5.2.0' ],
84 silly audit   '@aws-sdk/client-s3': [ '3.750.0' ],
84 silly audit   '@aws-sdk/client-sso': [ '3.750.0' ],
84 silly audit   '@aws-sdk/core': [ '3.750.0' ],
84 silly audit   '@aws-sdk/credential-provider-env': [ '3.750.0' ],
84 silly audit   '@aws-sdk/credential-provider-http': [ '3.750.0' ],
84 silly audit   '@aws-sdk/credential-provider-ini': [ '3.750.0' ],
84 silly audit   '@aws-sdk/credential-provider-node': [ '3.750.0' ],
84 silly audit   '@aws-sdk/credential-provider-process': [ '3.750.0' ],
84 silly audit   '@aws-sdk/credential-provider-sso': [ '3.750.0' ],
84 silly audit   '@aws-sdk/credential-provider-web-identity': [ '3.750.0' ],
84 silly audit   '@aws-sdk/middleware-bucket-endpoint': [ '3.734.0' ],
84 silly audit   '@aws-sdk/middleware-expect-continue': [ '3.734.0' ],
84 silly audit   '@aws-sdk/middleware-flexible-checksums': [ '3.750.0' ],
84 silly audit   '@aws-sdk/middleware-host-header': [ '3.734.0' ],
84 silly audit   '@aws-sdk/middleware-location-constraint': [ '3.734.0' ],
84 silly audit   '@aws-sdk/middleware-logger': [ '3.734.0' ],
84 silly audit   '@aws-sdk/middleware-recursion-detection': [ '3.734.0' ],
84 silly audit   '@aws-sdk/middleware-sdk-s3': [ '3.750.0' ],
84 silly audit   '@aws-sdk/middleware-ssec': [ '3.734.0' ],
84 silly audit   '@aws-sdk/middleware-user-agent': [ '3.750.0' ],
84 silly audit   '@aws-sdk/nested-clients': [ '3.750.0' ],
84 silly audit   '@aws-sdk/region-config-resolver': [ '3.734.0' ],
84 silly audit   '@aws-sdk/signature-v4-multi-region': [ '3.750.0' ],
84 silly audit   '@aws-sdk/token-providers': [ '3.750.0' ],
84 silly audit   '@aws-sdk/types': [ '3.734.0' ],
84 silly audit   '@aws-sdk/util-arn-parser': [ '3.723.0' ],
84 silly audit   '@aws-sdk/util-endpoints': [ '3.743.0' ],
84 silly audit   '@aws-sdk/util-locate-window': [ '3.723.0' ],
84 silly audit   '@aws-sdk/util-user-agent-browser': [ '3.734.0' ],
84 silly audit   '@aws-sdk/util-user-agent-node': [ '3.750.0' ],
84 silly audit   '@aws-sdk/xml-builder': [ '3.734.0' ],
84 silly audit   '@babel/runtime': [ '7.26.9' ],
84 silly audit   '@emnapi/runtime': [ '1.3.1' ],
84 silly audit   '@eslint-community/eslint-utils': [ '4.4.1' ],
84 silly audit   'eslint-visitor-keys': [ '3.4.3', '4.2.0' ],
84 silly audit   '@eslint-community/regexpp': [ '4.12.1' ],
84 silly audit   '@eslint/config-array': [ '0.19.2' ],
84 silly audit   '@eslint/core': [ '0.11.0', '0.10.0' ],
84 silly audit   '@eslint/eslintrc': [ '3.2.0' ],
84 silly audit   '@eslint/js': [ '9.20.0' ],
84 silly audit   '@eslint/object-schema': [ '2.1.6' ],
84 silly audit   '@eslint/plugin-kit': [ '0.2.5' ],
84 silly audit   '@humanfs/core': [ '0.19.1' ],
84 silly audit   '@humanfs/node': [ '0.16.6' ],
84 silly audit   '@humanwhocodes/retry': [ '0.3.1', '0.4.1' ],
84 silly audit   '@humanwhocodes/module-importer': [ '1.0.1' ],
84 silly audit   '@img/sharp-darwin-arm64': [ '0.33.5' ],
84 silly audit   '@img/sharp-darwin-x64': [ '0.33.5' ],
84 silly audit   '@img/sharp-libvips-darwin-arm64': [ '1.0.4' ],
84 silly audit   '@img/sharp-libvips-darwin-x64': [ '1.0.4' ],
84 silly audit   '@img/sharp-libvips-linux-arm': [ '1.0.5' ],
84 silly audit   '@img/sharp-libvips-linux-arm64': [ '1.0.4' ],
84 silly audit   '@img/sharp-libvips-linux-s390x': [ '1.0.4' ],
84 silly audit   '@img/sharp-libvips-linux-x64': [ '1.0.4' ],
84 silly audit   '@img/sharp-libvips-linuxmusl-arm64': [ '1.0.4' ],
84 silly audit   '@img/sharp-libvips-linuxmusl-x64': [ '1.0.4' ],
84 silly audit   '@img/sharp-linux-arm': [ '0.33.5' ],
84 silly audit   '@img/sharp-linux-arm64': [ '0.33.5' ],
84 silly audit   '@img/sharp-linux-s390x': [ '0.33.5' ],
84 silly audit   '@img/sharp-linux-x64': [ '0.33.5' ],
84 silly audit   '@img/sharp-linuxmusl-arm64': [ '0.33.5' ],
84 silly audit   '@img/sharp-linuxmusl-x64': [ '0.33.5' ],
84 silly audit   '@img/sharp-wasm32': [ '0.33.5' ],
84 silly audit   '@img/sharp-win32-ia32': [ '0.33.5' ],
84 silly audit   '@img/sharp-win32-x64': [ '0.33.5' ],
84 silly audit   '@next/env': [ '15.1.9' ],
84 silly audit   '@next/eslint-plugin-next': [ '15.1.7' ],
84 silly audit   '@next/swc-darwin-arm64': [ '15.1.9' ],
84 silly audit   '@next/swc-darwin-x64': [ '15.1.9' ],
84 silly audit   '@next/swc-linux-arm64-gnu': [ '15.1.9' ],
84 silly audit   '@next/swc-linux-arm64-musl': [ '15.1.9' ],
84 silly audit   '@next/swc-linux-x64-gnu': [ '15.1.9' ],
84 silly audit   '@next/swc-linux-x64-musl': [ '15.1.9' ],
84 silly audit   '@next/swc-win32-arm64-msvc': [ '15.1.9' ],
84 silly audit   '@next/swc-win32-x64-msvc': [ '15.1.9' ],
84 silly audit   '@nodelib/fs.scandir': [ '2.1.5' ],
84 silly audit   '@nodelib/fs.stat': [ '2.0.5' ],
84 silly audit   '@nodelib/fs.walk': [ '1.2.8' ],
84 silly audit   '@nolyfill/is-core-module': [ '1.0.39' ],
84 silly audit   '@popperjs/core': [ '2.11.8' ],
84 silly audit   '@rtsao/scc': [ '1.1.0' ],
84 silly audit   '@rushstack/eslint-patch': [ '1.10.5' ],
84 silly audit   '@smithy/abort-controller': [ '4.0.1' ],
84 silly audit   '@smithy/chunked-blob-reader': [ '5.0.0' ],
84 silly audit   '@smithy/chunked-blob-reader-native': [ '4.0.0' ],
84 silly audit   '@smithy/config-resolver': [ '4.0.1' ],
84 silly audit   '@smithy/core': [ '3.1.5' ],
84 silly audit   '@smithy/credential-provider-imds': [ '4.0.1' ],
84 silly audit   '@smithy/eventstream-codec': [ '4.0.1' ],
84 silly audit   '@smithy/eventstream-serde-browser': [ '4.0.1' ],
84 silly audit   '@smithy/eventstream-serde-config-resolver': [ '4.0.1' ],
84 silly audit   '@smithy/eventstream-serde-node': [ '4.0.1' ],
84 silly audit   '@smithy/eventstream-serde-universal': [ '4.0.1' ],
84 silly audit   '@smithy/fetch-http-handler': [ '5.0.1' ],
84 silly audit   '@smithy/hash-blob-browser': [ '4.0.1' ],
84 silly audit   '@smithy/hash-node': [ '4.0.1' ],
84 silly audit   '@smithy/hash-stream-node': [ '4.0.1' ],
84 silly audit   '@smithy/invalid-dependency': [ '4.0.1' ],
84 silly audit   '@smithy/md5-js': [ '4.0.1' ],
84 silly audit   '@smithy/middleware-content-length': [ '4.0.1' ],
84 silly audit   '@smithy/middleware-endpoint': [ '4.0.6' ],
84 silly audit   '@smithy/middleware-retry': [ '4.0.7' ],
84 silly audit   '@smithy/middleware-serde': [ '4.0.2' ],
84 silly audit   '@smithy/middleware-stack': [ '4.0.1' ],
84 silly audit   '@smithy/node-config-provider': [ '4.0.1' ],
84 silly audit   '@smithy/node-http-handler': [ '4.0.3' ],
84 silly audit   '@smithy/property-provider': [ '4.0.1' ],
84 silly audit   '@smithy/protocol-http': [ '5.0.1' ],
84 silly audit   '@smithy/querystring-builder': [ '4.0.1' ],
84 silly audit   '@smithy/querystring-parser': [ '4.0.1' ],
84 silly audit   '@smithy/service-error-classification': [ '4.0.1' ],
84 silly audit   '@smithy/shared-ini-file-loader': [ '4.0.1' ],
84 silly audit   '@smithy/signature-v4': [ '5.0.1' ],
84 silly audit   '@smithy/smithy-client': [ '4.1.6' ],
84 silly audit   '@smithy/types': [ '4.1.0' ],
84 silly audit   '@smithy/url-parser': [ '4.0.1' ],
84 silly audit   '@smithy/util-base64': [ '4.0.0' ],
84 silly audit   '@smithy/util-body-length-browser': [ '4.0.0' ],
84 silly audit   '@smithy/util-body-length-node': [ '4.0.0' ],
84 silly audit   '@smithy/util-config-provider': [ '4.0.0' ],
84 silly audit   '@smithy/util-defaults-mode-browser': [ '4.0.7' ],
84 silly audit   '@smithy/util-defaults-mode-node': [ '4.0.7' ],
84 silly audit   '@smithy/util-endpoints': [ '3.0.1' ],
84 silly audit   '@smithy/util-hex-encoding': [ '4.0.0' ],
84 silly audit   '@smithy/util-middleware': [ '4.0.1' ],
84 silly audit   '@smithy/util-retry': [ '4.0.1' ],
84 silly audit   '@smithy/util-stream': [ '4.1.2' ],
84 silly audit   '@smithy/util-uri-escape': [ '4.0.0' ],
84 silly audit   '@smithy/util-waiter': [ '4.0.2' ],
84 silly audit   '@srexi/purecounterjs': [ '1.5.0' ],
84 silly audit   '@swc/counter': [ '0.1.3' ],
84 silly audit   '@swc/helpers': [ '0.5.15' ],
84 silly audit   '@types/estree': [ '1.0.6' ],
84 silly audit   '@types/json-schema': [ '7.0.15' ],
84 silly audit   '@types/json5': [ '0.0.29' ],
84 silly audit   '@types/node': [ '22.13.5' ],
84 silly audit   '@types/react': [ '19.0.10' ],
84 silly audit   '@typescript-eslint/eslint-plugin': [ '8.24.0' ],
84 silly audit   '@typescript-eslint/parser': [ '8.24.0' ],
84 silly audit   '@typescript-eslint/scope-manager': [ '8.24.0' ],
84 silly audit   '@typescript-eslint/type-utils': [ '8.24.0' ],
84 silly audit   '@typescript-eslint/types': [ '8.24.0' ],
84 silly audit   '@typescript-eslint/typescript-estree': [ '8.24.0' ],
84 silly audit   'brace-expansion': [ '2.0.1', '1.1.11' ],
84 silly audit   'fast-glob': [ '3.3.3', '3.3.1' ],
84 silly audit   'glob-parent': [ '5.1.2', '6.0.2' ],
84 silly audit   minimatch: [ '9.0.5', '3.1.2' ],
84 silly audit   '@typescript-eslint/utils': [ '8.24.0' ],
84 silly audit   '@typescript-eslint/visitor-keys': [ '8.24.0' ],
84 silly audit   '@webcomponents/webcomponentsjs': [ '2.8.0' ],
84 silly audit   acorn: [ '8.14.0' ],
84 silly audit   'acorn-jsx': [ '5.3.2' ],
84 silly audit   ajv: [ '6.12.6' ],
84 silly audit   'ansi-styles': [ '4.3.0' ],
84 silly audit   aos: [ '2.3.4' ],
84 silly audit   argparse: [ '2.0.1' ],
84 silly audit   'aria-query': [ '5.3.2' ],
84 silly audit   'array-buffer-byte-length': [ '1.0.2' ],
84 silly audit   'array-includes': [ '3.1.8' ],
84 silly audit   'array.prototype.findlast': [ '1.2.5' ],
84 silly audit   'array.prototype.findlastindex': [ '1.2.5' ],
84 silly audit   'array.prototype.flat': [ '1.3.3' ],
84 silly audit   'array.prototype.flatmap': [ '1.3.3' ],
84 silly audit   'array.prototype.tosorted': [ '1.1.4' ],
84 silly audit   'arraybuffer.prototype.slice': [ '1.0.4' ],
84 silly audit   'ast-types-flow': [ '0.0.8' ],
84 silly audit   'async-function': [ '1.0.0' ],
84 silly audit   'available-typed-arrays': [ '1.0.7' ],
84 silly audit   'aws-sdk': [ '2.1692.0' ],
84 silly audit   uuid: [ '8.0.0', '9.0.1', '10.0.0' ],
84 silly audit   'axe-core': [ '4.10.2' ],
84 silly audit   'axobject-query': [ '4.1.0' ],
84 silly audit   'balanced-match': [ '1.0.2' ],
84 silly audit   'base64-js': [ '1.5.1' ],
84 silly audit   bootstrap: [ '5.3.3' ],
84 silly audit   'bootstrap-icons': [ '1.11.3' ],
84 silly audit   bowser: [ '2.11.0' ],
84 silly audit   boxicons: [ '2.1.4' ],
84 silly audit   react: [ '16.14.0', '19.0.0' ],
84 silly audit   'react-dom': [ '16.14.0', '19.0.0' ],
84 silly audit   scheduler: [ '0.19.1', '0.25.0' ],
84 silly audit   braces: [ '3.0.3' ],
84 silly audit   buffer: [ '4.9.2' ],
84 silly audit   isarray: [ '1.0.0', '2.0.5', '0.0.1' ],
84 silly audit   busboy: [ '1.6.0' ],
84 silly audit   'call-bind': [ '1.0.8' ],
84 silly audit   'call-bind-apply-helpers': [ '1.0.2' ],
84 silly audit   'call-bound': [ '1.0.3' ],
84 silly audit   callsites: [ '3.1.0' ],
84 silly audit   'caniuse-lite': [ '1.0.30001700' ],
84 silly audit   chalk: [ '4.1.2' ],
84 silly audit   'classlist-polyfill': [ '1.2.0' ],
84 silly audit   'client-only': [ '0.0.1' ],
84 silly audit   color: [ '4.2.3' ],
84 silly audit   'color-convert': [ '2.0.1' ],
84 silly audit   'color-name': [ '1.1.4' ],
84 silly audit   'color-string': [ '1.9.1' ],
84 silly audit   'concat-map': [ '0.0.1' ],
84 silly audit   'countup.js': [ '2.8.0' ],
84 silly audit   'cross-spawn': [ '7.0.6' ],
84 silly audit   csstype: [ '3.1.3' ],
84 silly audit   'damerau-levenshtein': [ '1.0.8' ],
84 silly audit   'data-view-buffer': [ '1.0.2' ],
84 silly audit   'data-view-byte-length': [ '1.0.2' ],
84 silly audit   'data-view-byte-offset': [ '1.0.1' ],
84 silly audit   debug: [ '4.4.0', '3.2.7' ],
84 silly audit   'deep-is': [ '0.1.4' ],
84 silly audit   'define-data-property': [ '1.1.4' ],
84 silly audit   'define-properties': [ '1.2.1' ],
84 silly audit   'desandro-matches-selector': [ '2.0.2' ],
84 silly audit   'detect-hover': [ '1.0.3' ],
84 silly audit   'detect-it': [ '3.0.7' ],
84 silly audit   'detect-libc': [ '2.0.3' ],
84 silly audit   'detect-passive-events': [ '1.0.5' ],
84 silly audit   'detect-pointer': [ '1.0.3' ],
84 silly audit   'detect-touch-events': [ '2.0.2' ],
84 silly audit   doctrine: [ '2.1.0' ],
84 silly audit   'dunder-proto': [ '1.0.1' ],
84 silly audit   'emoji-regex': [ '9.2.2' ],
84 silly audit   'enhanced-resolve': [ '5.18.1' ],
84 silly audit   'es-abstract': [ '1.23.9' ],
84 silly audit   'es-define-property': [ '1.0.1' ],
84 silly audit   'es-errors': [ '1.3.0' ],
84 silly audit   'es-iterator-helpers': [ '1.2.1' ],
84 silly audit   'es-object-atoms': [ '1.1.1' ],
84 silly audit   'es-set-tostringtag': [ '2.1.0' ],
84 silly audit   'es-shim-unscopables': [ '1.1.0' ],
84 silly audit   'es-to-primitive': [ '1.3.0' ],
84 silly audit   'escape-string-regexp': [ '4.0.0' ],
84 silly audit   eslint: [ '9.20.1' ],
84 silly audit   'eslint-config-next': [ '15.1.7' ],
84 silly audit   'eslint-import-resolver-node': [ '0.3.9' ],
84 silly audit   'eslint-import-resolver-typescript': [ '3.8.0' ],
84 silly audit   'eslint-module-utils': [ '2.12.0' ],
84 silly audit   'eslint-plugin-import': [ '2.31.0' ],
84 silly audit   semver: [ '6.3.1', '7.7.1' ],
84 silly audit   'eslint-plugin-jsx-a11y': [ '6.10.2' ],
84 silly audit   'eslint-plugin-react': [ '7.37.4' ],
84 silly audit   'eslint-plugin-react-hooks': [ '5.1.0' ],
84 silly audit   resolve: [ '2.0.0-next.5', '1.22.10' ],
84 silly audit   'eslint-scope': [ '8.2.0' ],
84 silly audit   espree: [ '10.3.0' ],
84 silly audit   esquery: [ '1.6.0' ],
84 silly audit   esrecurse: [ '4.3.0' ],
84 silly audit   estraverse: [ '5.3.0' ],
84 silly audit   esutils: [ '2.0.3' ],
84 silly audit   'ev-emitter': [ '1.1.1' ],
84 silly audit   events: [ '1.1.1' ],
84 silly audit   'fast-deep-equal': [ '3.1.3' ],
84 silly audit   'fast-json-stable-stringify': [ '2.1.0' ],
84 silly audit   'fast-levenshtein': [ '2.0.6' ],
84 silly audit   'fast-xml-parser': [ '4.4.1' ],
84 silly audit   fastq: [ '1.19.0' ],
84 silly audit   'file-entry-cache': [ '8.0.0' ],
84 silly audit   'fill-range': [ '7.1.1' ],
84 silly audit   'find-up': [ '5.0.0' ],
84 silly audit   'fizzy-ui-utils': [ '2.0.7' ],
84 silly audit   'flat-cache': [ '4.0.1' ],
84 silly audit   flatted: [ '3.3.2' ],
84 silly audit   'for-each': [ '0.3.5' ],
84 silly audit   'fslightbox-react': [ '1.8.0' ],
84 silly audit   'function-bind': [ '1.1.2' ],
84 silly audit   'function.prototype.name': [ '1.1.8' ],
84 silly audit   'functions-have-names': [ '1.2.3' ],
84 silly audit   'get-intrinsic': [ '1.2.7' ],
84 silly audit   'get-proto': [ '1.0.1' ],
84 silly audit   'get-size': [ '2.0.3' ],
84 silly audit   'get-symbol-description': [ '1.1.0' ],
84 silly audit   'get-tsconfig': [ '4.10.0' ],
84 silly audit   globals: [ '14.0.0' ],
84 silly audit   globalthis: [ '1.0.4' ],
84 silly audit   gopd: [ '1.2.0' ],
84 silly audit   'graceful-fs': [ '4.2.11' ],
84 silly audit   graphemer: [ '1.4.0' ],
84 silly audit   'has-bigints': [ '1.1.0' ],
84 silly audit   'has-flag': [ '4.0.0' ],
84 silly audit   'has-property-descriptors': [ '1.0.2' ],
84 silly audit   'has-proto': [ '1.2.0' ],
84 silly audit   'has-symbols': [ '1.1.0' ],
84 silly audit   'has-tostringtag': [ '1.0.2' ],
84 silly audit   hasown: [ '2.0.2' ],
84 silly audit   history: [ '4.10.1' ],
84 silly audit   'hoist-non-react-statics': [ '2.5.5' ],
84 silly audit   ieee754: [ '1.1.13' ],
84 silly audit   ignore: [ '5.3.2' ],
84 silly audit   'import-fresh': [ '3.3.1' ],
84 silly audit   imurmurhash: [ '0.1.4' ],
84 silly audit   inherits: [ '2.0.4' ],
84 silly audit   'internal-slot': [ '1.1.0' ],
84 silly audit   invariant: [ '2.2.4' ],
84 silly audit   'is-arguments': [ '1.2.0' ],
84 silly audit   'is-array-buffer': [ '3.0.5' ],
84 silly audit   'is-arrayish': [ '0.3.2' ],
84 silly audit   'is-async-function': [ '2.1.1' ],
84 silly audit   'is-bigint': [ '1.1.0' ],
84 silly audit   'is-boolean-object': [ '1.2.2' ],
84 silly audit   'is-bun-module': [ '1.3.0' ],
84 silly audit   'is-callable': [ '1.2.7' ],
84 silly audit   'is-core-module': [ '2.16.1' ],
84 silly audit   'is-data-view': [ '1.0.2' ],
84 silly audit   'is-date-object': [ '1.1.0' ],
84 silly audit   'is-extglob': [ '2.1.1' ],
84 silly audit   'is-finalizationregistry': [ '1.1.1' ],
84 silly audit   'is-generator-function': [ '1.1.0' ],
84 silly audit   'is-glob': [ '4.0.3' ],
84 silly audit   'is-map': [ '2.0.3' ],
84 silly audit   'is-number': [ '7.0.0' ],
84 silly audit   'is-number-object': [ '1.1.1' ],
84 silly audit   'is-regex': [ '1.2.1' ],
84 silly audit   'is-set': [ '2.0.3' ],
84 silly audit   'is-shared-array-buffer': [ '1.0.4' ],
84 silly audit   'is-string': [ '1.1.1' ],
84 silly audit   'is-symbol': [ '1.1.1' ],
84 silly audit   'is-typed-array': [ '1.1.15' ],
84 silly audit   'is-weakmap': [ '2.0.2' ],
84 silly audit   'is-weakref': [ '1.1.1' ],
84 silly audit   'is-weakset': [ '2.0.4' ],
84 silly audit   isexe: [ '2.0.0' ],
84 silly audit   'isotope-layout': [ '3.0.6' ],
84 silly audit   'iterator.prototype': [ '1.1.5' ],
84 silly audit   jmespath: [ '0.16.0' ],
84 silly audit   jquery: [ '3.7.1' ],
84 silly audit   'js-tokens': [ '4.0.0' ],
84 silly audit   'js-yaml': [ '4.1.0' ],
84 silly audit   'json-buffer': [ '3.0.1' ],
84 silly audit   'json-schema-traverse': [ '0.4.1' ],
84 silly audit   'json-stable-stringify-without-jsonify': [ '1.0.1' ],
84 silly audit   json5: [ '1.0.2' ],
84 silly audit   'jsx-ast-utils': [ '3.3.5' ],
84 silly audit   keyv: [ '4.5.4' ],
84 silly audit   'language-subtag-registry': [ '0.3.23' ],
84 silly audit   'language-tags': [ '1.0.9' ],
84 silly audit   levn: [ '0.4.1' ],
84 silly audit   'locate-path': [ '6.0.0' ],
84 silly audit   'lodash.debounce': [ '4.0.8' ],
84 silly audit   'lodash.merge': [ '4.6.2' ],
84 silly audit   'lodash.throttle': [ '4.1.1' ],
84 silly audit   'loose-envify': [ '1.4.0' ],
84 silly audit   'masonry-layout': [ '4.2.2' ],
84 silly audit   'math-intrinsics': [ '1.1.0' ],
84 silly audit   merge2: [ '1.4.1' ],
84 silly audit   micromatch: [ '4.0.8' ],
84 silly audit   minimist: [ '1.2.8' ],
84 silly audit   ms: [ '2.1.3' ],
84 silly audit   nanoid: [ '3.3.8' ],
84 silly audit   'natural-compare': [ '1.4.0' ],
84 silly audit   next: [ '15.1.9' ],
84 silly audit   'object-assign': [ '4.1.1' ],
84 silly audit   'object-inspect': [ '1.13.4' ],
84 silly audit   'object-keys': [ '1.1.1' ],
84 silly audit   'object.assign': [ '4.1.7' ],
84 silly audit   'object.entries': [ '1.1.8' ],
84 silly audit   'object.fromentries': [ '2.0.8' ],
84 silly audit   'object.groupby': [ '1.0.3' ],
84 silly audit   'object.values': [ '1.2.1' ],
84 silly audit   optionator: [ '0.9.4' ],
84 silly audit   outlayer: [ '2.1.1' ],
84 silly audit   'own-keys': [ '1.0.1' ],
84 silly audit   'p-limit': [ '3.1.0' ],
84 silly audit   'p-locate': [ '5.0.0' ],
84 silly audit   'parent-module': [ '1.0.1' ],
84 silly audit   'path-exists': [ '4.0.0' ],
84 silly audit   'path-key': [ '3.1.1' ],
84 silly audit   'path-parse': [ '1.0.7' ],
84 silly audit   'path-to-regexp': [ '1.9.0' ],
84 silly audit   picocolors: [ '1.1.1' ],
84 silly audit   picomatch: [ '2.3.1', '4.0.2' ],
84 silly audit   'possible-typed-array-names': [ '1.1.0' ],
84 silly audit   postcss: [ '8.4.31' ],
84 silly audit   postgres: [ '3.4.5' ],
84 silly audit   'prelude-ls': [ '1.2.1' ],
84 silly audit   'prop-types': [ '15.8.1' ],
84 silly audit   punycode: [ '2.3.1', '1.3.2' ],
84 silly audit   querystring: [ '0.2.0' ],
84 silly audit   'queue-microtask': [ '1.2.3' ],
84 silly audit   'react-bootstrap-icons': [ '1.11.5' ],
84 silly audit   'react-countup': [ '6.5.3' ],
84 silly audit   'react-interactive': [ '0.8.3' ],
84 silly audit   'react-is': [ '16.13.1' ],
84 silly audit   'react-router': [ '4.3.1' ],
84 silly audit   'react-router-dom': [ '4.3.1' ],
84 silly audit   'reflect.getprototypeof': [ '1.0.10' ],
84 silly audit   'regenerator-runtime': [ '0.14.1' ],
84 silly audit   'regexp.prototype.flags': [ '1.5.4' ],
84 silly audit   'resolve-from': [ '4.0.0' ],
84 silly audit   'resolve-pathname': [ '3.0.0' ],
84 silly audit   'resolve-pkg-maps': [ '1.0.0' ],
84 silly audit   reusify: [ '1.0.4' ],
84 silly audit   'run-parallel': [ '1.2.0' ],
84 silly audit   'safe-array-concat': [ '1.1.3' ],
84 silly audit   'safe-push-apply': [ '1.0.0' ],
84 silly audit   'safe-regex-test': [ '1.1.0' ],
84 silly audit   sax: [ '1.2.1' ],
84 silly audit   'set-function-length': [ '1.2.2' ],
84 silly audit   'set-function-name': [ '2.0.2' ],
84 silly audit   'set-proto': [ '1.0.0' ],
84 silly audit   sharp: [ '0.33.5' ],
84 silly audit   'shebang-command': [ '2.0.0' ],
84 silly audit   'shebang-regex': [ '3.0.0' ],
84 silly audit   'side-channel': [ '1.1.0' ],
84 silly audit   'side-channel-list': [ '1.0.0' ],
84 silly audit   'side-channel-map': [ '1.0.1' ],
84 silly audit   'side-channel-weakmap': [ '1.0.2' ],
84 silly audit   'simple-swizzle': [ '0.2.2' ],
84 silly audit   'source-map-js': [ '1.2.1' ],
84 silly audit   'stable-hash': [ '0.0.4' ],
84 silly audit   streamsearch: [ '1.1.0' ],
84 silly audit   'string.prototype.includes': [ '2.0.1' ],
84 silly audit   'string.prototype.matchall': [ '4.0.12' ],
84 silly audit   'string.prototype.repeat': [ '1.0.0' ],
84 silly audit   'string.prototype.trim': [ '1.2.10' ],
84 silly audit   'string.prototype.trimend': [ '1.0.9' ],
84 silly audit   'string.prototype.trimstart': [ '1.0.8' ],
84 silly audit   'strip-bom': [ '3.0.0' ],
84 silly audit   'strip-json-comments': [ '3.1.1' ],
84 silly audit   strnum: [ '1.1.1' ],
84 silly audit   'styled-jsx': [ '5.1.6' ],
84 silly audit   'supports-color': [ '7.2.0' ],
84 silly audit   'supports-preserve-symlinks-flag': [ '1.0.0' ],
84 silly audit   swiper: [ '11.2.4' ],
84 silly audit   tapable: [ '2.2.1' ],
84 silly audit   'tiny-invariant': [ '1.3.3' ],
84 silly audit   'tiny-warning': [ '1.0.3' ],
84 silly audit   tinyglobby: [ '0.2.10' ],
84 silly audit   fdir: [ '6.4.3' ],
84 silly audit   'to-regex-range': [ '5.0.1' ],
84 silly audit   'ts-api-utils': [ '2.0.1' ],
84 silly audit   'tsconfig-paths': [ '3.15.0' ],
84 silly audit   tslib: [ '2.8.1' ],
84 silly audit   'type-check': [ '0.4.0' ],
84 silly audit   'typed-array-buffer': [ '1.0.3' ],
84 silly audit   'typed-array-byte-length': [ '1.0.3' ],
84 silly audit   'typed-array-byte-offset': [ '1.0.4' ],
84 silly audit   'typed-array-length': [ '1.0.7' ],
84 silly audit   typescript: [ '5.7.3' ],
84 silly audit   'unbox-primitive': [ '1.1.0' ],
84 silly audit   'undici-types': [ '6.20.0' ],
84 silly audit   'uri-js': [ '4.4.1' ],
84 silly audit   url: [ '0.10.3' ],
84 silly audit   util: [ '0.12.5' ],
84 silly audit   'value-equal': [ '1.0.1' ],
84 silly audit   venobox: [ '2.1.8' ],
84 silly audit   warning: [ '4.0.3' ],
84 silly audit   which: [ '2.0.2' ],
84 silly audit   'which-boxed-primitive': [ '1.1.1' ],
84 silly audit   'which-builtin-type': [ '1.2.1' ],
84 silly audit   'which-collection': [ '1.0.2' ],
84 silly audit   'which-typed-array': [ '1.1.18' ],
84 silly audit   'word-wrap': [ '1.2.5' ],
84 silly audit   xml2js: [ '0.6.2' ],
84 silly audit   xmlbuilder: [ '11.0.1' ],
84 silly audit   'yet-another-react-lightbox': [ '3.22.0' ],
84 silly audit   'yocto-queue': [ '0.1.0' ],
84 silly audit   '@hookform/resolvers': [ '5.2.2' ],
84 silly audit   'react-hook-form': [ '7.75.0' ],
84 silly audit   resend: [ '6.12.2' ],
84 silly audit   zod: [ '4.4.3' ],
84 silly audit   '@standard-schema/utils': [ '0.3.0' ],
84 silly audit   'postal-mime': [ '2.7.4' ],
84 silly audit   svix: [ '1.90.0' ],
84 silly audit   standardwebhooks: [ '1.0.0' ],
84 silly audit   '@stablelib/base64': [ '1.0.1' ],
84 silly audit   'fast-sha256': [ '1.3.0' ]
84 silly audit }
85 http cache fast-sha256@https://registry.npmjs.org/fast-sha256/-/fast-sha256-1.3.0.tgz 0ms (cache hit)
86 http cache @stablelib/base64@https://registry.npmjs.org/@stablelib/base64/-/base64-1.0.1.tgz 0ms (cache hit)
87 http cache @standard-schema/utils@https://registry.npmjs.org/@standard-schema/utils/-/utils-0.3.0.tgz 1ms (cache hit)
88 http cache postal-mime@https://registry.npmjs.org/postal-mime/-/postal-mime-2.7.4.tgz 0ms (cache hit)
89 http cache svix@https://registry.npmjs.org/svix/-/svix-1.90.0.tgz 0ms (cache hit)
90 http cache standardwebhooks@https://registry.npmjs.org/standardwebhooks/-/standardwebhooks-1.0.0.tgz 0ms (cache hit)
91 http cache @hookform/resolvers@https://registry.npmjs.org/@hookform/resolvers/-/resolvers-5.2.2.tgz 0ms (cache hit)
92 http cache zod@https://registry.npmjs.org/zod/-/zod-4.4.3.tgz 0ms (cache hit)
93 http cache resend@https://registry.npmjs.org/resend/-/resend-6.12.2.tgz 0ms (cache hit)
94 http cache react-hook-form@https://registry.npmjs.org/react-hook-form/-/react-hook-form-7.75.0.tgz 1ms (cache hit)
95 http cache yocto-queue@https://registry.npmjs.org/yocto-queue/-/yocto-queue-0.1.0.tgz 0ms (cache hit)
96 http cache yet-another-react-lightbox@https://registry.npmjs.org/yet-another-react-lightbox/-/yet-another-react-lightbox-3.22.0.tgz 0ms (cache hit)
97 http cache xmlbuilder@https://registry.npmjs.org/xmlbuilder/-/xmlbuilder-11.0.1.tgz 0ms (cache hit)
98 http cache xml2js@https://registry.npmjs.org/xml2js/-/xml2js-0.6.2.tgz 1ms (cache hit)
99 http cache word-wrap@https://registry.npmjs.org/word-wrap/-/word-wrap-1.2.5.tgz 0ms (cache hit)
100 http cache which-typed-array@https://registry.npmjs.org/which-typed-array/-/which-typed-array-1.1.18.tgz 0ms (cache hit)
101 http cache which-collection@https://registry.npmjs.org/which-collection/-/which-collection-1.0.2.tgz 0ms (cache hit)
102 http cache which-builtin-type@https://registry.npmjs.org/which-builtin-type/-/which-builtin-type-1.2.1.tgz 0ms (cache hit)
103 http cache which@https://registry.npmjs.org/which/-/which-2.0.2.tgz 0ms (cache hit)
104 http cache which-boxed-primitive@https://registry.npmjs.org/which-boxed-primitive/-/which-boxed-primitive-1.1.1.tgz 0ms (cache hit)
105 http cache venobox@https://registry.npmjs.org/venobox/-/venobox-2.1.8.tgz 0ms (cache hit)
106 http cache value-equal@https://registry.npmjs.org/value-equal/-/value-equal-1.0.1.tgz 0ms (cache hit)
107 http cache uuid@https://registry.npmjs.org/uuid/-/uuid-9.0.1.tgz 0ms (cache hit)
108 http cache warning@https://registry.npmjs.org/warning/-/warning-4.0.3.tgz 0ms (cache hit)
109 http cache util@https://registry.npmjs.org/util/-/util-0.12.5.tgz 0ms (cache hit)
110 http cache uri-js@https://registry.npmjs.org/uri-js/-/uri-js-4.4.1.tgz 0ms (cache hit)
111 http cache url@https://registry.npmjs.org/url/-/url-0.10.3.tgz 0ms (cache hit)
112 http cache unbox-primitive@https://registry.npmjs.org/unbox-primitive/-/unbox-primitive-1.1.0.tgz 0ms (cache hit)
113 http cache undici-types@https://registry.npmjs.org/undici-types/-/undici-types-6.20.0.tgz 0ms (cache hit)
114 http cache typed-array-length@https://registry.npmjs.org/typed-array-length/-/typed-array-length-1.0.7.tgz 0ms (cache hit)
115 http cache typescript@https://registry.npmjs.org/typescript/-/typescript-5.7.3.tgz 0ms (cache hit)
116 http cache typed-array-byte-length@https://registry.npmjs.org/typed-array-byte-length/-/typed-array-byte-length-1.0.3.tgz 0ms (cache hit)
117 http cache typed-array-byte-offset@https://registry.npmjs.org/typed-array-byte-offset/-/typed-array-byte-offset-1.0.4.tgz 0ms (cache hit)
118 http cache type-check@https://registry.npmjs.org/type-check/-/type-check-0.4.0.tgz 0ms (cache hit)
119 http cache typed-array-buffer@https://registry.npmjs.org/typed-array-buffer/-/typed-array-buffer-1.0.3.tgz 0ms (cache hit)
120 http cache tslib@https://registry.npmjs.org/tslib/-/tslib-2.8.1.tgz 0ms (cache hit)
121 http cache tsconfig-paths@https://registry.npmjs.org/tsconfig-paths/-/tsconfig-paths-3.15.0.tgz 0ms (cache hit)
122 http cache ts-api-utils@https://registry.npmjs.org/ts-api-utils/-/ts-api-utils-2.0.1.tgz 0ms (cache hit)
123 http cache to-regex-range@https://registry.npmjs.org/to-regex-range/-/to-regex-range-5.0.1.tgz 0ms (cache hit)
124 http cache tinyglobby@https://registry.npmjs.org/tinyglobby/-/tinyglobby-0.2.10.tgz 0ms (cache hit)
125 http cache tiny-invariant@https://registry.npmjs.org/tiny-invariant/-/tiny-invariant-1.3.3.tgz 0ms (cache hit)
126 http cache tapable@https://registry.npmjs.org/tapable/-/tapable-2.2.1.tgz 0ms (cache hit)
127 http cache tiny-warning@https://registry.npmjs.org/tiny-warning/-/tiny-warning-1.0.3.tgz 0ms (cache hit)
128 http cache supports-preserve-symlinks-flag@https://registry.npmjs.org/supports-preserve-symlinks-flag/-/supports-preserve-symlinks-flag-1.0.0.tgz 0ms (cache hit)
129 http cache swiper@https://registry.npmjs.org/swiper/-/swiper-11.2.4.tgz 0ms (cache hit)
130 http cache styled-jsx@https://registry.npmjs.org/styled-jsx/-/styled-jsx-5.1.6.tgz 0ms (cache hit)
131 http cache supports-color@https://registry.npmjs.org/supports-color/-/supports-color-7.2.0.tgz 0ms (cache hit)
132 http cache strnum@https://registry.npmjs.org/strnum/-/strnum-1.1.1.tgz 0ms (cache hit)
133 http cache strip-json-comments@https://registry.npmjs.org/strip-json-comments/-/strip-json-comments-3.1.1.tgz 0ms (cache hit)
134 http cache string.prototype.trimstart@https://registry.npmjs.org/string.prototype.trimstart/-/string.prototype.trimstart-1.0.8.tgz 0ms (cache hit)
135 http cache strip-bom@https://registry.npmjs.org/strip-bom/-/strip-bom-3.0.0.tgz 0ms (cache hit)
136 http cache string.prototype.trimend@https://registry.npmjs.org/string.prototype.trimend/-/string.prototype.trimend-1.0.9.tgz 0ms (cache hit)
137 http cache string.prototype.trim@https://registry.npmjs.org/string.prototype.trim/-/string.prototype.trim-1.2.10.tgz 0ms (cache hit)
138 http cache string.prototype.repeat@https://registry.npmjs.org/string.prototype.repeat/-/string.prototype.repeat-1.0.0.tgz 0ms (cache hit)
139 http cache string.prototype.matchall@https://registry.npmjs.org/string.prototype.matchall/-/string.prototype.matchall-4.0.12.tgz 0ms (cache hit)
140 http cache string.prototype.includes@https://registry.npmjs.org/string.prototype.includes/-/string.prototype.includes-2.0.1.tgz 0ms (cache hit)
141 http cache stable-hash@https://registry.npmjs.org/stable-hash/-/stable-hash-0.0.4.tgz 0ms (cache hit)
142 http cache streamsearch@https://registry.npmjs.org/streamsearch/-/streamsearch-1.1.0.tgz 0ms (cache hit)
143 http cache simple-swizzle@https://registry.npmjs.org/simple-swizzle/-/simple-swizzle-0.2.2.tgz 0ms (cache hit)
144 http cache source-map-js@https://registry.npmjs.org/source-map-js/-/source-map-js-1.2.1.tgz 0ms (cache hit)
145 http cache side-channel-weakmap@https://registry.npmjs.org/side-channel-weakmap/-/side-channel-weakmap-1.0.2.tgz 0ms (cache hit)
146 http cache side-channel-map@https://registry.npmjs.org/side-channel-map/-/side-channel-map-1.0.1.tgz 0ms (cache hit)
147 http cache side-channel@https://registry.npmjs.org/side-channel/-/side-channel-1.1.0.tgz 0ms (cache hit)
148 http cache side-channel-list@https://registry.npmjs.org/side-channel-list/-/side-channel-list-1.0.0.tgz 0ms (cache hit)
149 http cache shebang-command@https://registry.npmjs.org/shebang-command/-/shebang-command-2.0.0.tgz 0ms (cache hit)
150 http cache set-proto@https://registry.npmjs.org/set-proto/-/set-proto-1.0.0.tgz 0ms (cache hit)
151 http cache shebang-regex@https://registry.npmjs.org/shebang-regex/-/shebang-regex-3.0.0.tgz 0ms (cache hit)
152 http cache sharp@https://registry.npmjs.org/sharp/-/sharp-0.33.5.tgz 0ms (cache hit)
153 http cache set-function-length@https://registry.npmjs.org/set-function-length/-/set-function-length-1.2.2.tgz 0ms (cache hit)
154 http cache set-function-name@https://registry.npmjs.org/set-function-name/-/set-function-name-2.0.2.tgz 0ms (cache hit)
155 http cache semver@https://registry.npmjs.org/semver/-/semver-7.7.1.tgz 0ms (cache hit)
156 http cache scheduler@https://registry.npmjs.org/scheduler/-/scheduler-0.25.0.tgz 0ms (cache hit)
157 http cache sax@https://registry.npmjs.org/sax/-/sax-1.2.1.tgz 0ms (cache hit)
158 http cache safe-regex-test@https://registry.npmjs.org/safe-regex-test/-/safe-regex-test-1.1.0.tgz 0ms (cache hit)
159 http cache safe-push-apply@https://registry.npmjs.org/safe-push-apply/-/safe-push-apply-1.0.0.tgz 0ms (cache hit)
160 http cache run-parallel@https://registry.npmjs.org/run-parallel/-/run-parallel-1.2.0.tgz 0ms (cache hit)
161 http cache safe-array-concat@https://registry.npmjs.org/safe-array-concat/-/safe-array-concat-1.1.3.tgz 0ms (cache hit)
162 http cache reusify@https://registry.npmjs.org/reusify/-/reusify-1.0.4.tgz 0ms (cache hit)
163 http cache resolve-pathname@https://registry.npmjs.org/resolve-pathname/-/resolve-pathname-3.0.0.tgz 0ms (cache hit)
164 http cache resolve-from@https://registry.npmjs.org/resolve-from/-/resolve-from-4.0.0.tgz 0ms (cache hit)
165 http cache resolve-pkg-maps@https://registry.npmjs.org/resolve-pkg-maps/-/resolve-pkg-maps-1.0.0.tgz 0ms (cache hit)
166 http cache regexp.prototype.flags@https://registry.npmjs.org/regexp.prototype.flags/-/regexp.prototype.flags-1.5.4.tgz 0ms (cache hit)
167 http cache resolve@https://registry.npmjs.org/resolve/-/resolve-1.22.10.tgz 0ms (cache hit)
168 http cache regenerator-runtime@https://registry.npmjs.org/regenerator-runtime/-/regenerator-runtime-0.14.1.tgz 0ms (cache hit)
169 http cache react-router@https://registry.npmjs.org/react-router/-/react-router-4.3.1.tgz 0ms (cache hit)
170 http cache reflect.getprototypeof@https://registry.npmjs.org/reflect.getprototypeof/-/reflect.getprototypeof-1.0.10.tgz 0ms (cache hit)
171 http cache react-router-dom@https://registry.npmjs.org/react-router-dom/-/react-router-dom-4.3.1.tgz 0ms (cache hit)
172 http cache react-is@https://registry.npmjs.org/react-is/-/react-is-16.13.1.tgz 0ms (cache hit)
173 http cache react-interactive@https://registry.npmjs.org/react-interactive/-/react-interactive-0.8.3.tgz 0ms (cache hit)
174 http cache react-dom@https://registry.npmjs.org/react-dom/-/react-dom-19.0.0.tgz 0ms (cache hit)
175 http cache react-countup@https://registry.npmjs.org/react-countup/-/react-countup-6.5.3.tgz 0ms (cache hit)
176 http cache react@https://registry.npmjs.org/react/-/react-19.0.0.tgz 0ms (cache hit)
177 http cache queue-microtask@https://registry.npmjs.org/queue-microtask/-/queue-microtask-1.2.3.tgz 0ms (cache hit)
178 http cache querystring@https://registry.npmjs.org/querystring/-/querystring-0.2.0.tgz 0ms (cache hit)
179 http cache react-bootstrap-icons@https://registry.npmjs.org/react-bootstrap-icons/-/react-bootstrap-icons-1.11.5.tgz 0ms (cache hit)
180 http cache punycode@https://registry.npmjs.org/punycode/-/punycode-2.3.1.tgz 0ms (cache hit)
181 http cache prop-types@https://registry.npmjs.org/prop-types/-/prop-types-15.8.1.tgz 0ms (cache hit)
182 http cache prelude-ls@https://registry.npmjs.org/prelude-ls/-/prelude-ls-1.2.1.tgz 0ms (cache hit)
183 http cache postgres@https://registry.npmjs.org/postgres/-/postgres-3.4.5.tgz 0ms (cache hit)
184 http cache possible-typed-array-names@https://registry.npmjs.org/possible-typed-array-names/-/possible-typed-array-names-1.1.0.tgz 0ms (cache hit)
185 http cache picomatch@https://registry.npmjs.org/picomatch/-/picomatch-2.3.1.tgz 0ms (cache hit)
186 http cache postcss@https://registry.npmjs.org/postcss/-/postcss-8.4.31.tgz 0ms (cache hit)
187 http cache path-to-regexp@https://registry.npmjs.org/path-to-regexp/-/path-to-regexp-1.9.0.tgz 0ms (cache hit)
188 http cache picocolors@https://registry.npmjs.org/picocolors/-/picocolors-1.1.1.tgz 0ms (cache hit)
189 http cache path-parse@https://registry.npmjs.org/path-parse/-/path-parse-1.0.7.tgz 0ms (cache hit)
190 http cache path-key@https://registry.npmjs.org/path-key/-/path-key-3.1.1.tgz 0ms (cache hit)
191 http cache path-exists@https://registry.npmjs.org/path-exists/-/path-exists-4.0.0.tgz 0ms (cache hit)
192 http cache parent-module@https://registry.npmjs.org/parent-module/-/parent-module-1.0.1.tgz 0ms (cache hit)
193 http cache p-locate@https://registry.npmjs.org/p-locate/-/p-locate-5.0.0.tgz 0ms (cache hit)
194 http cache p-limit@https://registry.npmjs.org/p-limit/-/p-limit-3.1.0.tgz 0ms (cache hit)
195 http cache own-keys@https://registry.npmjs.org/own-keys/-/own-keys-1.0.1.tgz 0ms (cache hit)
196 http cache outlayer@https://registry.npmjs.org/outlayer/-/outlayer-2.1.1.tgz 0ms (cache hit)
197 http cache optionator@https://registry.npmjs.org/optionator/-/optionator-0.9.4.tgz 0ms (cache hit)
198 http cache object.values@https://registry.npmjs.org/object.values/-/object.values-1.2.1.tgz 0ms (cache hit)
199 http cache object.groupby@https://registry.npmjs.org/object.groupby/-/object.groupby-1.0.3.tgz 0ms (cache hit)
200 http cache object.fromentries@https://registry.npmjs.org/object.fromentries/-/object.fromentries-2.0.8.tgz 0ms (cache hit)
201 http cache object.entries@https://registry.npmjs.org/object.entries/-/object.entries-1.1.8.tgz 0ms (cache hit)
202 http cache object.assign@https://registry.npmjs.org/object.assign/-/object.assign-4.1.7.tgz 0ms (cache hit)
203 http cache object-keys@https://registry.npmjs.org/object-keys/-/object-keys-1.1.1.tgz 0ms (cache hit)
204 http cache object-assign@https://registry.npmjs.org/object-assign/-/object-assign-4.1.1.tgz 0ms (cache hit)
205 http cache natural-compare@https://registry.npmjs.org/natural-compare/-/natural-compare-1.4.0.tgz 0ms (cache hit)
206 http cache object-inspect@https://registry.npmjs.org/object-inspect/-/object-inspect-1.13.4.tgz 0ms (cache hit)
207 http cache next@https://registry.npmjs.org/next/-/next-15.1.9.tgz 0ms (cache hit)
208 http cache ms@https://registry.npmjs.org/ms/-/ms-2.1.3.tgz 0ms (cache hit)
209 http cache nanoid@https://registry.npmjs.org/nanoid/-/nanoid-3.3.8.tgz 1ms (cache hit)
210 http cache micromatch@https://registry.npmjs.org/micromatch/-/micromatch-4.0.8.tgz 0ms (cache hit)
211 http cache minimist@https://registry.npmjs.org/minimist/-/minimist-1.2.8.tgz 0ms (cache hit)
212 http cache minimatch@https://registry.npmjs.org/minimatch/-/minimatch-3.1.2.tgz 0ms (cache hit)
213 http cache merge2@https://registry.npmjs.org/merge2/-/merge2-1.4.1.tgz 0ms (cache hit)
214 http cache math-intrinsics@https://registry.npmjs.org/math-intrinsics/-/math-intrinsics-1.1.0.tgz 0ms (cache hit)
215 http cache masonry-layout@https://registry.npmjs.org/masonry-layout/-/masonry-layout-4.2.2.tgz 0ms (cache hit)
216 http cache lodash.throttle@https://registry.npmjs.org/lodash.throttle/-/lodash.throttle-4.1.1.tgz 0ms (cache hit)
217 http cache loose-envify@https://registry.npmjs.org/loose-envify/-/loose-envify-1.4.0.tgz 0ms (cache hit)
218 http cache lodash.debounce@https://registry.npmjs.org/lodash.debounce/-/lodash.debounce-4.0.8.tgz 0ms (cache hit)
219 http cache lodash.merge@https://registry.npmjs.org/lodash.merge/-/lodash.merge-4.6.2.tgz 0ms (cache hit)
220 http cache locate-path@https://registry.npmjs.org/locate-path/-/locate-path-6.0.0.tgz 0ms (cache hit)
221 http cache levn@https://registry.npmjs.org/levn/-/levn-0.4.1.tgz 0ms (cache hit)
222 http cache language-tags@https://registry.npmjs.org/language-tags/-/language-tags-1.0.9.tgz 0ms (cache hit)
223 http cache json5@https://registry.npmjs.org/json5/-/json5-1.0.2.tgz 0ms (cache hit)
224 http cache language-subtag-registry@https://registry.npmjs.org/language-subtag-registry/-/language-subtag-registry-0.3.23.tgz 0ms (cache hit)
225 http cache keyv@https://registry.npmjs.org/keyv/-/keyv-4.5.4.tgz 0ms (cache hit)
226 http cache jsx-ast-utils@https://registry.npmjs.org/jsx-ast-utils/-/jsx-ast-utils-3.3.5.tgz 0ms (cache hit)
227 http cache json-stable-stringify-without-jsonify@https://registry.npmjs.org/json-stable-stringify-without-jsonify/-/json-stable-stringify-without-jsonify-1.0.1.tgz 0ms (cache hit)
228 http cache json-schema-traverse@https://registry.npmjs.org/json-schema-traverse/-/json-schema-traverse-0.4.1.tgz 0ms (cache hit)
229 http cache json-buffer@https://registry.npmjs.org/json-buffer/-/json-buffer-3.0.1.tgz 0ms (cache hit)
230 http cache js-yaml@https://registry.npmjs.org/js-yaml/-/js-yaml-4.1.0.tgz 0ms (cache hit)
231 http cache js-tokens@https://registry.npmjs.org/js-tokens/-/js-tokens-4.0.0.tgz 0ms (cache hit)
232 http cache jquery@https://registry.npmjs.org/jquery/-/jquery-3.7.1.tgz 0ms (cache hit)
233 http cache jmespath@https://registry.npmjs.org/jmespath/-/jmespath-0.16.0.tgz 0ms (cache hit)
234 http cache isotope-layout@https://registry.npmjs.org/isotope-layout/-/isotope-layout-3.0.6.tgz 0ms (cache hit)
235 http cache iterator.prototype@https://registry.npmjs.org/iterator.prototype/-/iterator.prototype-1.1.5.tgz 0ms (cache hit)
236 http cache isexe@https://registry.npmjs.org/isexe/-/isexe-2.0.0.tgz 0ms (cache hit)
237 http cache isarray@https://registry.npmjs.org/isarray/-/isarray-2.0.5.tgz 0ms (cache hit)
238 http cache is-weakset@https://registry.npmjs.org/is-weakset/-/is-weakset-2.0.4.tgz 0ms (cache hit)
239 http cache is-weakref@https://registry.npmjs.org/is-weakref/-/is-weakref-1.1.1.tgz 0ms (cache hit)
240 http cache is-weakmap@https://registry.npmjs.org/is-weakmap/-/is-weakmap-2.0.2.tgz 0ms (cache hit)
241 http cache is-typed-array@https://registry.npmjs.org/is-typed-array/-/is-typed-array-1.1.15.tgz 0ms (cache hit)
242 http cache is-string@https://registry.npmjs.org/is-string/-/is-string-1.1.1.tgz 0ms (cache hit)
243 http cache is-symbol@https://registry.npmjs.org/is-symbol/-/is-symbol-1.1.1.tgz 0ms (cache hit)
244 http cache is-set@https://registry.npmjs.org/is-set/-/is-set-2.0.3.tgz 0ms (cache hit)
245 http cache is-regex@https://registry.npmjs.org/is-regex/-/is-regex-1.2.1.tgz 0ms (cache hit)
246 http cache is-shared-array-buffer@https://registry.npmjs.org/is-shared-array-buffer/-/is-shared-array-buffer-1.0.4.tgz 0ms (cache hit)
247 http cache is-number-object@https://registry.npmjs.org/is-number-object/-/is-number-object-1.1.1.tgz 0ms (cache hit)
248 http cache is-number@https://registry.npmjs.org/is-number/-/is-number-7.0.0.tgz 0ms (cache hit)
249 http cache is-map@https://registry.npmjs.org/is-map/-/is-map-2.0.3.tgz 0ms (cache hit)
250 http cache is-glob@https://registry.npmjs.org/is-glob/-/is-glob-4.0.3.tgz 0ms (cache hit)
251 http cache is-generator-function@https://registry.npmjs.org/is-generator-function/-/is-generator-function-1.1.0.tgz 0ms (cache hit)
252 http cache is-finalizationregistry@https://registry.npmjs.org/is-finalizationregistry/-/is-finalizationregistry-1.1.1.tgz 0ms (cache hit)
253 http cache is-date-object@https://registry.npmjs.org/is-date-object/-/is-date-object-1.1.0.tgz 0ms (cache hit)
254 http cache is-extglob@https://registry.npmjs.org/is-extglob/-/is-extglob-2.1.1.tgz 0ms (cache hit)
255 http cache is-data-view@https://registry.npmjs.org/is-data-view/-/is-data-view-1.0.2.tgz 0ms (cache hit)
256 http cache is-core-module@https://registry.npmjs.org/is-core-module/-/is-core-module-2.16.1.tgz 0ms (cache hit)
257 http cache is-callable@https://registry.npmjs.org/is-callable/-/is-callable-1.2.7.tgz 0ms (cache hit)
258 http cache is-boolean-object@https://registry.npmjs.org/is-boolean-object/-/is-boolean-object-1.2.2.tgz 0ms (cache hit)
259 http cache is-bun-module@https://registry.npmjs.org/is-bun-module/-/is-bun-module-1.3.0.tgz 0ms (cache hit)
260 http cache is-async-function@https://registry.npmjs.org/is-async-function/-/is-async-function-2.1.1.tgz 0ms (cache hit)
261 http cache is-bigint@https://registry.npmjs.org/is-bigint/-/is-bigint-1.1.0.tgz 0ms (cache hit)
262 http cache is-arrayish@https://registry.npmjs.org/is-arrayish/-/is-arrayish-0.3.2.tgz 0ms (cache hit)
263 http cache is-array-buffer@https://registry.npmjs.org/is-array-buffer/-/is-array-buffer-3.0.5.tgz 0ms (cache hit)
264 http cache internal-slot@https://registry.npmjs.org/internal-slot/-/internal-slot-1.1.0.tgz 0ms (cache hit)
265 http cache is-arguments@https://registry.npmjs.org/is-arguments/-/is-arguments-1.2.0.tgz 0ms (cache hit)
266 http cache inherits@https://registry.npmjs.org/inherits/-/inherits-2.0.4.tgz 0ms (cache hit)
267 http cache invariant@https://registry.npmjs.org/invariant/-/invariant-2.2.4.tgz 0ms (cache hit)
268 http cache imurmurhash@https://registry.npmjs.org/imurmurhash/-/imurmurhash-0.1.4.tgz 0ms (cache hit)
269 http cache ignore@https://registry.npmjs.org/ignore/-/ignore-5.3.2.tgz 0ms (cache hit)
270 http cache import-fresh@https://registry.npmjs.org/import-fresh/-/import-fresh-3.3.1.tgz 0ms (cache hit)
271 http cache ieee754@https://registry.npmjs.org/ieee754/-/ieee754-1.1.13.tgz 0ms (cache hit)
272 http cache history@https://registry.npmjs.org/history/-/history-4.10.1.tgz 0ms (cache hit)
273 http cache hasown@https://registry.npmjs.org/hasown/-/hasown-2.0.2.tgz 0ms (cache hit)
274 http cache has-tostringtag@https://registry.npmjs.org/has-tostringtag/-/has-tostringtag-1.0.2.tgz 0ms (cache hit)
275 http cache hoist-non-react-statics@https://registry.npmjs.org/hoist-non-react-statics/-/hoist-non-react-statics-2.5.5.tgz 0ms (cache hit)
276 http cache has-property-descriptors@https://registry.npmjs.org/has-property-descriptors/-/has-property-descriptors-1.0.2.tgz 0ms (cache hit)
277 http cache has-symbols@https://registry.npmjs.org/has-symbols/-/has-symbols-1.1.0.tgz 0ms (cache hit)
278 http cache has-proto@https://registry.npmjs.org/has-proto/-/has-proto-1.2.0.tgz 0ms (cache hit)
279 http cache has-flag@https://registry.npmjs.org/has-flag/-/has-flag-4.0.0.tgz 0ms (cache hit)
280 http cache has-bigints@https://registry.npmjs.org/has-bigints/-/has-bigints-1.1.0.tgz 0ms (cache hit)
281 http cache graphemer@https://registry.npmjs.org/graphemer/-/graphemer-1.4.0.tgz 0ms (cache hit)
282 http cache graceful-fs@https://registry.npmjs.org/graceful-fs/-/graceful-fs-4.2.11.tgz 0ms (cache hit)
283 http cache gopd@https://registry.npmjs.org/gopd/-/gopd-1.2.0.tgz 0ms (cache hit)
284 http cache globalthis@https://registry.npmjs.org/globalthis/-/globalthis-1.0.4.tgz 0ms (cache hit)
285 http cache globals@https://registry.npmjs.org/globals/-/globals-14.0.0.tgz 0ms (cache hit)
286 http cache glob-parent@https://registry.npmjs.org/glob-parent/-/glob-parent-6.0.2.tgz 0ms (cache hit)
287 http cache get-tsconfig@https://registry.npmjs.org/get-tsconfig/-/get-tsconfig-4.10.0.tgz 0ms (cache hit)
288 http cache get-symbol-description@https://registry.npmjs.org/get-symbol-description/-/get-symbol-description-1.1.0.tgz 0ms (cache hit)
289 http cache get-proto@https://registry.npmjs.org/get-proto/-/get-proto-1.0.1.tgz 0ms (cache hit)
290 http cache get-size@https://registry.npmjs.org/get-size/-/get-size-2.0.3.tgz 0ms (cache hit)
291 http cache functions-have-names@https://registry.npmjs.org/functions-have-names/-/functions-have-names-1.2.3.tgz 0ms (cache hit)
292 http cache get-intrinsic@https://registry.npmjs.org/get-intrinsic/-/get-intrinsic-1.2.7.tgz 0ms (cache hit)
293 http cache function.prototype.name@https://registry.npmjs.org/function.prototype.name/-/function.prototype.name-1.1.8.tgz 0ms (cache hit)
294 http cache function-bind@https://registry.npmjs.org/function-bind/-/function-bind-1.1.2.tgz 0ms (cache hit)
295 http cache for-each@https://registry.npmjs.org/for-each/-/for-each-0.3.5.tgz 0ms (cache hit)
296 http cache fslightbox-react@https://registry.npmjs.org/fslightbox-react/-/fslightbox-react-1.8.0.tgz 0ms (cache hit)
297 http cache flat-cache@https://registry.npmjs.org/flat-cache/-/flat-cache-4.0.1.tgz 0ms (cache hit)
298 http cache flatted@https://registry.npmjs.org/flatted/-/flatted-3.3.2.tgz 0ms (cache hit)
299 http cache fizzy-ui-utils@https://registry.npmjs.org/fizzy-ui-utils/-/fizzy-ui-utils-2.0.7.tgz 0ms (cache hit)
300 http cache find-up@https://registry.npmjs.org/find-up/-/find-up-5.0.0.tgz 0ms (cache hit)
301 http cache fill-range@https://registry.npmjs.org/fill-range/-/fill-range-7.1.1.tgz 0ms (cache hit)
302 http cache fastq@https://registry.npmjs.org/fastq/-/fastq-1.19.0.tgz 0ms (cache hit)
303 http cache fast-xml-parser@https://registry.npmjs.org/fast-xml-parser/-/fast-xml-parser-4.4.1.tgz 0ms (cache hit)
304 http cache file-entry-cache@https://registry.npmjs.org/file-entry-cache/-/file-entry-cache-8.0.0.tgz 0ms (cache hit)
305 http cache fast-levenshtein@https://registry.npmjs.org/fast-levenshtein/-/fast-levenshtein-2.0.6.tgz 0ms (cache hit)
306 http cache fast-json-stable-stringify@https://registry.npmjs.org/fast-json-stable-stringify/-/fast-json-stable-stringify-2.1.0.tgz 0ms (cache hit)
307 http cache fast-deep-equal@https://registry.npmjs.org/fast-deep-equal/-/fast-deep-equal-3.1.3.tgz 0ms (cache hit)
308 http cache fast-glob@https://registry.npmjs.org/fast-glob/-/fast-glob-3.3.1.tgz 0ms (cache hit)
309 http cache events@https://registry.npmjs.org/events/-/events-1.1.1.tgz 0ms (cache hit)
310 http cache ev-emitter@https://registry.npmjs.org/ev-emitter/-/ev-emitter-1.1.1.tgz 0ms (cache hit)
311 http cache esutils@https://registry.npmjs.org/esutils/-/esutils-2.0.3.tgz 0ms (cache hit)
312 http cache estraverse@https://registry.npmjs.org/estraverse/-/estraverse-5.3.0.tgz 0ms (cache hit)
313 http cache espree@https://registry.npmjs.org/espree/-/espree-10.3.0.tgz 0ms (cache hit)
314 http cache esquery@https://registry.npmjs.org/esquery/-/esquery-1.6.0.tgz 0ms (cache hit)
315 http cache esrecurse@https://registry.npmjs.org/esrecurse/-/esrecurse-4.3.0.tgz 0ms (cache hit)
316 http cache eslint-visitor-keys@https://registry.npmjs.org/eslint-visitor-keys/-/eslint-visitor-keys-4.2.0.tgz 0ms (cache hit)
317 http cache eslint-plugin-react-hooks@https://registry.npmjs.org/eslint-plugin-react-hooks/-/eslint-plugin-react-hooks-5.1.0.tgz 0ms (cache hit)
318 http cache eslint-scope@https://registry.npmjs.org/eslint-scope/-/eslint-scope-8.2.0.tgz 0ms (cache hit)
319 http cache eslint-plugin-jsx-a11y@https://registry.npmjs.org/eslint-plugin-jsx-a11y/-/eslint-plugin-jsx-a11y-6.10.2.tgz 0ms (cache hit)
320 http cache eslint-plugin-react@https://registry.npmjs.org/eslint-plugin-react/-/eslint-plugin-react-7.37.4.tgz 0ms (cache hit)
321 http cache eslint-plugin-import@https://registry.npmjs.org/eslint-plugin-import/-/eslint-plugin-import-2.31.0.tgz 0ms (cache hit)
322 http cache eslint-module-utils@https://registry.npmjs.org/eslint-module-utils/-/eslint-module-utils-2.12.0.tgz 0ms (cache hit)
323 http cache eslint@https://registry.npmjs.org/eslint/-/eslint-9.20.1.tgz 0ms (cache hit)
324 http cache eslint-import-resolver-typescript@https://registry.npmjs.org/eslint-import-resolver-typescript/-/eslint-import-resolver-typescript-3.8.0.tgz 0ms (cache hit)
325 http cache eslint-import-resolver-node@https://registry.npmjs.org/eslint-import-resolver-node/-/eslint-import-resolver-node-0.3.9.tgz 0ms (cache hit)
326 http cache eslint-config-next@https://registry.npmjs.org/eslint-config-next/-/eslint-config-next-15.1.7.tgz 0ms (cache hit)
327 http cache escape-string-regexp@https://registry.npmjs.org/escape-string-regexp/-/escape-string-regexp-4.0.0.tgz 0ms (cache hit)
328 http cache es-to-primitive@https://registry.npmjs.org/es-to-primitive/-/es-to-primitive-1.3.0.tgz 0ms (cache hit)
329 http cache es-object-atoms@https://registry.npmjs.org/es-object-atoms/-/es-object-atoms-1.1.1.tgz 0ms (cache hit)
330 http cache es-set-tostringtag@https://registry.npmjs.org/es-set-tostringtag/-/es-set-tostringtag-2.1.0.tgz 0ms (cache hit)
331 http cache es-iterator-helpers@https://registry.npmjs.org/es-iterator-helpers/-/es-iterator-helpers-1.2.1.tgz 0ms (cache hit)
332 http cache es-errors@https://registry.npmjs.org/es-errors/-/es-errors-1.3.0.tgz 0ms (cache hit)
333 http cache es-shim-unscopables@https://registry.npmjs.org/es-shim-unscopables/-/es-shim-unscopables-1.1.0.tgz 0ms (cache hit)
334 http cache es-abstract@https://registry.npmjs.org/es-abstract/-/es-abstract-1.23.9.tgz 0ms (cache hit)
335 http cache enhanced-resolve@https://registry.npmjs.org/enhanced-resolve/-/enhanced-resolve-5.18.1.tgz 0ms (cache hit)
336 http cache es-define-property@https://registry.npmjs.org/es-define-property/-/es-define-property-1.0.1.tgz 0ms (cache hit)
337 http cache emoji-regex@https://registry.npmjs.org/emoji-regex/-/emoji-regex-9.2.2.tgz 0ms (cache hit)
338 http cache dunder-proto@https://registry.npmjs.org/dunder-proto/-/dunder-proto-1.0.1.tgz 0ms (cache hit)
339 http cache doctrine@https://registry.npmjs.org/doctrine/-/doctrine-2.1.0.tgz 0ms (cache hit)
340 http cache detect-touch-events@https://registry.npmjs.org/detect-touch-events/-/detect-touch-events-2.0.2.tgz 0ms (cache hit)
341 http cache detect-pointer@https://registry.npmjs.org/detect-pointer/-/detect-pointer-1.0.3.tgz 0ms (cache hit)
342 http cache detect-passive-events@https://registry.npmjs.org/detect-passive-events/-/detect-passive-events-1.0.5.tgz 0ms (cache hit)
343 http cache detect-it@https://registry.npmjs.org/detect-it/-/detect-it-3.0.7.tgz 0ms (cache hit)
344 http cache detect-libc@https://registry.npmjs.org/detect-libc/-/detect-libc-2.0.3.tgz 0ms (cache hit)
345 http cache detect-hover@https://registry.npmjs.org/detect-hover/-/detect-hover-1.0.3.tgz 0ms (cache hit)
346 http cache desandro-matches-selector@https://registry.npmjs.org/desandro-matches-selector/-/desandro-matches-selector-2.0.2.tgz 0ms (cache hit)
347 http cache define-data-property@https://registry.npmjs.org/define-data-property/-/define-data-property-1.1.4.tgz 0ms (cache hit)
348 http cache define-properties@https://registry.npmjs.org/define-properties/-/define-properties-1.2.1.tgz 0ms (cache hit)
349 http cache deep-is@https://registry.npmjs.org/deep-is/-/deep-is-0.1.4.tgz 0ms (cache hit)
350 http cache debug@https://registry.npmjs.org/debug/-/debug-4.4.0.tgz 0ms (cache hit)
351 http cache data-view-byte-offset@https://registry.npmjs.org/data-view-byte-offset/-/data-view-byte-offset-1.0.1.tgz 0ms (cache hit)
352 http cache data-view-byte-length@https://registry.npmjs.org/data-view-byte-length/-/data-view-byte-length-1.0.2.tgz 0ms (cache hit)
353 http cache data-view-buffer@https://registry.npmjs.org/data-view-buffer/-/data-view-buffer-1.0.2.tgz 0ms (cache hit)
354 http cache damerau-levenshtein@https://registry.npmjs.org/damerau-levenshtein/-/damerau-levenshtein-1.0.8.tgz 0ms (cache hit)
355 http cache csstype@https://registry.npmjs.org/csstype/-/csstype-3.1.3.tgz 0ms (cache hit)
356 http cache cross-spawn@https://registry.npmjs.org/cross-spawn/-/cross-spawn-7.0.6.tgz 0ms (cache hit)
357 http cache concat-map@https://registry.npmjs.org/concat-map/-/concat-map-0.0.1.tgz 0ms (cache hit)
358 http cache countup.js@https://registry.npmjs.org/countup.js/-/countup.js-2.8.0.tgz 0ms (cache hit)
359 http cache color-name@https://registry.npmjs.org/color-name/-/color-name-1.1.4.tgz 0ms (cache hit)
360 http cache color-string@https://registry.npmjs.org/color-string/-/color-string-1.9.1.tgz 0ms (cache hit)
361 http cache color-convert@https://registry.npmjs.org/color-convert/-/color-convert-2.0.1.tgz 0ms (cache hit)
362 http cache color@https://registry.npmjs.org/color/-/color-4.2.3.tgz 0ms (cache hit)
363 http cache client-only@https://registry.npmjs.org/client-only/-/client-only-0.0.1.tgz 0ms (cache hit)
364 http cache classlist-polyfill@https://registry.npmjs.org/classlist-polyfill/-/classlist-polyfill-1.2.0.tgz 0ms (cache hit)
365 http cache chalk@https://registry.npmjs.org/chalk/-/chalk-4.1.2.tgz 0ms (cache hit)
366 http cache callsites@https://registry.npmjs.org/callsites/-/callsites-3.1.0.tgz 0ms (cache hit)
367 http cache caniuse-lite@https://registry.npmjs.org/caniuse-lite/-/caniuse-lite-1.0.30001700.tgz 0ms (cache hit)
368 http cache call-bound@https://registry.npmjs.org/call-bound/-/call-bound-1.0.3.tgz 0ms (cache hit)
369 http cache call-bind-apply-helpers@https://registry.npmjs.org/call-bind-apply-helpers/-/call-bind-apply-helpers-1.0.2.tgz 0ms (cache hit)
370 http cache call-bind@https://registry.npmjs.org/call-bind/-/call-bind-1.0.8.tgz 0ms (cache hit)
371 http cache busboy@https://registry.npmjs.org/busboy/-/busboy-1.6.0.tgz 0ms (cache hit)
372 http cache buffer@https://registry.npmjs.org/buffer/-/buffer-4.9.2.tgz 0ms (cache hit)
373 http cache braces@https://registry.npmjs.org/braces/-/braces-3.0.3.tgz 0ms (cache hit)
374 http cache brace-expansion@https://registry.npmjs.org/brace-expansion/-/brace-expansion-1.1.11.tgz 0ms (cache hit)
375 http cache boxicons@https://registry.npmjs.org/boxicons/-/boxicons-2.1.4.tgz 0ms (cache hit)
376 http cache bowser@https://registry.npmjs.org/bowser/-/bowser-2.11.0.tgz 0ms (cache hit)
377 http cache bootstrap-icons@https://registry.npmjs.org/bootstrap-icons/-/bootstrap-icons-1.11.3.tgz 0ms (cache hit)
378 http cache bootstrap@https://registry.npmjs.org/bootstrap/-/bootstrap-5.3.3.tgz 0ms (cache hit)
379 http cache base64-js@https://registry.npmjs.org/base64-js/-/base64-js-1.5.1.tgz 0ms (cache hit)
380 http cache axobject-query@https://registry.npmjs.org/axobject-query/-/axobject-query-4.1.0.tgz 0ms (cache hit)
381 http cache aws-sdk@https://registry.npmjs.org/aws-sdk/-/aws-sdk-2.1692.0.tgz 1ms (cache hit)
382 http cache balanced-match@https://registry.npmjs.org/balanced-match/-/balanced-match-1.0.2.tgz 0ms (cache hit)
383 http cache axe-core@https://registry.npmjs.org/axe-core/-/axe-core-4.10.2.tgz 0ms (cache hit)
384 http cache available-typed-arrays@https://registry.npmjs.org/available-typed-arrays/-/available-typed-arrays-1.0.7.tgz 0ms (cache hit)
385 http cache ast-types-flow@https://registry.npmjs.org/ast-types-flow/-/ast-types-flow-0.0.8.tgz 0ms (cache hit)
386 http cache async-function@https://registry.npmjs.org/async-function/-/async-function-1.0.0.tgz 0ms (cache hit)
387 http cache arraybuffer.prototype.slice@https://registry.npmjs.org/arraybuffer.prototype.slice/-/arraybuffer.prototype.slice-1.0.4.tgz 0ms (cache hit)
388 http cache array.prototype.tosorted@https://registry.npmjs.org/array.prototype.tosorted/-/array.prototype.tosorted-1.1.4.tgz 0ms (cache hit)
389 http cache array.prototype.flatmap@https://registry.npmjs.org/array.prototype.flatmap/-/array.prototype.flatmap-1.3.3.tgz 0ms (cache hit)
390 http cache array.prototype.findlastindex@https://registry.npmjs.org/array.prototype.findlastindex/-/array.prototype.findlastindex-1.2.5.tgz 0ms (cache hit)
391 http cache array.prototype.flat@https://registry.npmjs.org/array.prototype.flat/-/array.prototype.flat-1.3.3.tgz 0ms (cache hit)
392 http cache array-includes@https://registry.npmjs.org/array-includes/-/array-includes-3.1.8.tgz 0ms (cache hit)
393 http cache array.prototype.findlast@https://registry.npmjs.org/array.prototype.findlast/-/array.prototype.findlast-1.2.5.tgz 0ms (cache hit)
394 http cache array-buffer-byte-length@https://registry.npmjs.org/array-buffer-byte-length/-/array-buffer-byte-length-1.0.2.tgz 0ms (cache hit)
395 http cache aria-query@https://registry.npmjs.org/aria-query/-/aria-query-5.3.2.tgz 0ms (cache hit)
396 http cache aos@https://registry.npmjs.org/aos/-/aos-2.3.4.tgz 0ms (cache hit)
397 http cache argparse@https://registry.npmjs.org/argparse/-/argparse-2.0.1.tgz 0ms (cache hit)
398 http cache @webcomponents/webcomponentsjs@https://registry.npmjs.org/@webcomponents/webcomponentsjs/-/webcomponentsjs-2.8.0.tgz 0ms (cache hit)
399 http cache ansi-styles@https://registry.npmjs.org/ansi-styles/-/ansi-styles-4.3.0.tgz 0ms (cache hit)
400 http cache ajv@https://registry.npmjs.org/ajv/-/ajv-6.12.6.tgz 0ms (cache hit)
401 http cache acorn-jsx@https://registry.npmjs.org/acorn-jsx/-/acorn-jsx-5.3.2.tgz 0ms (cache hit)
402 http cache acorn@https://registry.npmjs.org/acorn/-/acorn-8.14.0.tgz 0ms (cache hit)
403 http cache @typescript-eslint/utils@https://registry.npmjs.org/@typescript-eslint/utils/-/utils-8.24.0.tgz 0ms (cache hit)
404 http cache @typescript-eslint/visitor-keys@https://registry.npmjs.org/@typescript-eslint/visitor-keys/-/visitor-keys-8.24.0.tgz 0ms (cache hit)
405 http cache @types/react@https://registry.npmjs.org/@types/react/-/react-19.0.10.tgz 0ms (cache hit)
406 http cache @typescript-eslint/types@https://registry.npmjs.org/@typescript-eslint/types/-/types-8.24.0.tgz 0ms (cache hit)
407 http cache @typescript-eslint/typescript-estree@https://registry.npmjs.org/@typescript-eslint/typescript-estree/-/typescript-estree-8.24.0.tgz 0ms (cache hit)
408 http cache @typescript-eslint/type-utils@https://registry.npmjs.org/@typescript-eslint/type-utils/-/type-utils-8.24.0.tgz 0ms (cache hit)
409 http cache @types/node@https://registry.npmjs.org/@types/node/-/node-22.13.5.tgz 0ms (cache hit)
410 http cache @typescript-eslint/scope-manager@https://registry.npmjs.org/@typescript-eslint/scope-manager/-/scope-manager-8.24.0.tgz 0ms (cache hit)
411 http cache @typescript-eslint/parser@https://registry.npmjs.org/@typescript-eslint/parser/-/parser-8.24.0.tgz 0ms (cache hit)
412 http cache @typescript-eslint/eslint-plugin@https://registry.npmjs.org/@typescript-eslint/eslint-plugin/-/eslint-plugin-8.24.0.tgz 0ms (cache hit)
413 http cache @types/json5@https://registry.npmjs.org/@types/json5/-/json5-0.0.29.tgz 0ms (cache hit)
414 http cache @srexi/purecounterjs@https://registry.npmjs.org/@srexi/purecounterjs/-/purecounterjs-1.5.0.tgz 0ms (cache hit)
415 http cache @swc/helpers@https://registry.npmjs.org/@swc/helpers/-/helpers-0.5.15.tgz 0ms (cache hit)
416 http cache @swc/counter@https://registry.npmjs.org/@swc/counter/-/counter-0.1.3.tgz 0ms (cache hit)
417 http cache @types/json-schema@https://registry.npmjs.org/@types/json-schema/-/json-schema-7.0.15.tgz 0ms (cache hit)
418 http cache @types/estree@https://registry.npmjs.org/@types/estree/-/estree-1.0.6.tgz 0ms (cache hit)
419 http cache @smithy/util-waiter@https://registry.npmjs.org/@smithy/util-waiter/-/util-waiter-4.0.2.tgz 0ms (cache hit)
420 http cache @smithy/util-utf8@https://registry.npmjs.org/@smithy/util-utf8/-/util-utf8-4.0.0.tgz 0ms (cache hit)
421 http cache @smithy/util-stream@https://registry.npmjs.org/@smithy/util-stream/-/util-stream-4.1.2.tgz 0ms (cache hit)
422 http cache @smithy/util-retry@https://registry.npmjs.org/@smithy/util-retry/-/util-retry-4.0.1.tgz 0ms (cache hit)
423 http cache @smithy/util-uri-escape@https://registry.npmjs.org/@smithy/util-uri-escape/-/util-uri-escape-4.0.0.tgz 0ms (cache hit)
424 http cache @smithy/util-middleware@https://registry.npmjs.org/@smithy/util-middleware/-/util-middleware-4.0.1.tgz 0ms (cache hit)
425 http cache @smithy/util-hex-encoding@https://registry.npmjs.org/@smithy/util-hex-encoding/-/util-hex-encoding-4.0.0.tgz 0ms (cache hit)
426 http cache @smithy/util-endpoints@https://registry.npmjs.org/@smithy/util-endpoints/-/util-endpoints-3.0.1.tgz 0ms (cache hit)
427 http cache @smithy/util-config-provider@https://registry.npmjs.org/@smithy/util-config-provider/-/util-config-provider-4.0.0.tgz 0ms (cache hit)
428 http cache @smithy/util-defaults-mode-node@https://registry.npmjs.org/@smithy/util-defaults-mode-node/-/util-defaults-mode-node-4.0.7.tgz 0ms (cache hit)
429 http cache @smithy/util-defaults-mode-browser@https://registry.npmjs.org/@smithy/util-defaults-mode-browser/-/util-defaults-mode-browser-4.0.7.tgz 0ms (cache hit)
430 http cache @smithy/util-buffer-from@https://registry.npmjs.org/@smithy/util-buffer-from/-/util-buffer-from-4.0.0.tgz 0ms (cache hit)
431 http cache @smithy/util-body-length-node@https://registry.npmjs.org/@smithy/util-body-length-node/-/util-body-length-node-4.0.0.tgz 0ms (cache hit)
432 http cache @smithy/util-base64@https://registry.npmjs.org/@smithy/util-base64/-/util-base64-4.0.0.tgz 0ms (cache hit)
433 http cache @smithy/types@https://registry.npmjs.org/@smithy/types/-/types-4.1.0.tgz 0ms (cache hit)
434 http cache @smithy/util-body-length-browser@https://registry.npmjs.org/@smithy/util-body-length-browser/-/util-body-length-browser-4.0.0.tgz 0ms (cache hit)
435 http cache @smithy/url-parser@https://registry.npmjs.org/@smithy/url-parser/-/url-parser-4.0.1.tgz 0ms (cache hit)
436 http cache @smithy/smithy-client@https://registry.npmjs.org/@smithy/smithy-client/-/smithy-client-4.1.6.tgz 0ms (cache hit)
437 http cache @smithy/shared-ini-file-loader@https://registry.npmjs.org/@smithy/shared-ini-file-loader/-/shared-ini-file-loader-4.0.1.tgz 0ms (cache hit)
438 http cache @smithy/signature-v4@https://registry.npmjs.org/@smithy/signature-v4/-/signature-v4-5.0.1.tgz 0ms (cache hit)
439 http cache @smithy/service-error-classification@https://registry.npmjs.org/@smithy/service-error-classification/-/service-error-classification-4.0.1.tgz 0ms (cache hit)
440 http cache @smithy/protocol-http@https://registry.npmjs.org/@smithy/protocol-http/-/protocol-http-5.0.1.tgz 0ms (cache hit)
441 http cache @smithy/querystring-parser@https://registry.npmjs.org/@smithy/querystring-parser/-/querystring-parser-4.0.1.tgz 0ms (cache hit)
442 http cache @smithy/querystring-builder@https://registry.npmjs.org/@smithy/querystring-builder/-/querystring-builder-4.0.1.tgz 0ms (cache hit)
443 http cache @smithy/property-provider@https://registry.npmjs.org/@smithy/property-provider/-/property-provider-4.0.1.tgz 0ms (cache hit)
444 http cache @smithy/node-http-handler@https://registry.npmjs.org/@smithy/node-http-handler/-/node-http-handler-4.0.3.tgz 0ms (cache hit)
445 http cache @smithy/node-config-provider@https://registry.npmjs.org/@smithy/node-config-provider/-/node-config-provider-4.0.1.tgz 0ms (cache hit)
446 http cache @smithy/middleware-stack@https://registry.npmjs.org/@smithy/middleware-stack/-/middleware-stack-4.0.1.tgz 0ms (cache hit)
447 http cache @smithy/middleware-serde@https://registry.npmjs.org/@smithy/middleware-serde/-/middleware-serde-4.0.2.tgz 0ms (cache hit)
448 http cache @smithy/middleware-retry@https://registry.npmjs.org/@smithy/middleware-retry/-/middleware-retry-4.0.7.tgz 0ms (cache hit)
449 http cache @smithy/middleware-endpoint@https://registry.npmjs.org/@smithy/middleware-endpoint/-/middleware-endpoint-4.0.6.tgz 0ms (cache hit)
450 http cache @smithy/middleware-content-length@https://registry.npmjs.org/@smithy/middleware-content-length/-/middleware-content-length-4.0.1.tgz 0ms (cache hit)
451 http cache @smithy/is-array-buffer@https://registry.npmjs.org/@smithy/is-array-buffer/-/is-array-buffer-4.0.0.tgz 0ms (cache hit)
452 http cache @smithy/md5-js@https://registry.npmjs.org/@smithy/md5-js/-/md5-js-4.0.1.tgz 0ms (cache hit)
453 http cache @smithy/invalid-dependency@https://registry.npmjs.org/@smithy/invalid-dependency/-/invalid-dependency-4.0.1.tgz 0ms (cache hit)
454 http cache @smithy/hash-stream-node@https://registry.npmjs.org/@smithy/hash-stream-node/-/hash-stream-node-4.0.1.tgz 0ms (cache hit)
455 http cache @smithy/hash-node@https://registry.npmjs.org/@smithy/hash-node/-/hash-node-4.0.1.tgz 0ms (cache hit)
456 http cache @smithy/hash-blob-browser@https://registry.npmjs.org/@smithy/hash-blob-browser/-/hash-blob-browser-4.0.1.tgz 0ms (cache hit)
457 http cache @smithy/eventstream-serde-universal@https://registry.npmjs.org/@smithy/eventstream-serde-universal/-/eventstream-serde-universal-4.0.1.tgz 0ms (cache hit)
458 http cache @smithy/fetch-http-handler@https://registry.npmjs.org/@smithy/fetch-http-handler/-/fetch-http-handler-5.0.1.tgz 0ms (cache hit)
459 http cache @smithy/eventstream-serde-config-resolver@https://registry.npmjs.org/@smithy/eventstream-serde-config-resolver/-/eventstream-serde-config-resolver-4.0.1.tgz 0ms (cache hit)
460 http cache @smithy/eventstream-serde-node@https://registry.npmjs.org/@smithy/eventstream-serde-node/-/eventstream-serde-node-4.0.1.tgz 0ms (cache hit)
461 http cache @smithy/eventstream-codec@https://registry.npmjs.org/@smithy/eventstream-codec/-/eventstream-codec-4.0.1.tgz 0ms (cache hit)
462 http cache @smithy/eventstream-serde-browser@https://registry.npmjs.org/@smithy/eventstream-serde-browser/-/eventstream-serde-browser-4.0.1.tgz 0ms (cache hit)
463 http cache @smithy/credential-provider-imds@https://registry.npmjs.org/@smithy/credential-provider-imds/-/credential-provider-imds-4.0.1.tgz 0ms (cache hit)
464 http cache @smithy/core@https://registry.npmjs.org/@smithy/core/-/core-3.1.5.tgz 0ms (cache hit)
465 http cache @smithy/config-resolver@https://registry.npmjs.org/@smithy/config-resolver/-/config-resolver-4.0.1.tgz 0ms (cache hit)
466 http cache @smithy/chunked-blob-reader@https://registry.npmjs.org/@smithy/chunked-blob-reader/-/chunked-blob-reader-5.0.0.tgz 0ms (cache hit)
467 http cache @smithy/chunked-blob-reader-native@https://registry.npmjs.org/@smithy/chunked-blob-reader-native/-/chunked-blob-reader-native-4.0.0.tgz 0ms (cache hit)
468 http cache @rushstack/eslint-patch@https://registry.npmjs.org/@rushstack/eslint-patch/-/eslint-patch-1.10.5.tgz 0ms (cache hit)
469 http cache @smithy/abort-controller@https://registry.npmjs.org/@smithy/abort-controller/-/abort-controller-4.0.1.tgz 0ms (cache hit)
470 http cache @popperjs/core@https://registry.npmjs.org/@popperjs/core/-/core-2.11.8.tgz 0ms (cache hit)
471 http cache @rtsao/scc@https://registry.npmjs.org/@rtsao/scc/-/scc-1.1.0.tgz 0ms (cache hit)
472 http cache @nodelib/fs.walk@https://registry.npmjs.org/@nodelib/fs.walk/-/fs.walk-1.2.8.tgz 0ms (cache hit)
473 http cache @nolyfill/is-core-module@https://registry.npmjs.org/@nolyfill/is-core-module/-/is-core-module-1.0.39.tgz 0ms (cache hit)
474 http cache @nodelib/fs.stat@https://registry.npmjs.org/@nodelib/fs.stat/-/fs.stat-2.0.5.tgz 0ms (cache hit)
475 http cache @next/swc-win32-x64-msvc@https://registry.npmjs.org/@next/swc-win32-x64-msvc/-/swc-win32-x64-msvc-15.1.9.tgz 0ms (cache hit)
476 http cache @nodelib/fs.scandir@https://registry.npmjs.org/@nodelib/fs.scandir/-/fs.scandir-2.1.5.tgz 0ms (cache hit)
477 http cache @next/env@https://registry.npmjs.org/@next/env/-/env-15.1.9.tgz 0ms (cache hit)
478 http cache @next/eslint-plugin-next@https://registry.npmjs.org/@next/eslint-plugin-next/-/eslint-plugin-next-15.1.7.tgz 0ms (cache hit)
479 http cache @humanwhocodes/retry@https://registry.npmjs.org/@humanwhocodes/retry/-/retry-0.4.1.tgz 0ms (cache hit)
480 http cache @img/sharp-win32-x64@https://registry.npmjs.org/@img/sharp-win32-x64/-/sharp-win32-x64-0.33.5.tgz 0ms (cache hit)
481 http cache @humanwhocodes/module-importer@https://registry.npmjs.org/@humanwhocodes/module-importer/-/module-importer-1.0.1.tgz 0ms (cache hit)
482 http cache @humanfs/core@https://registry.npmjs.org/@humanfs/core/-/core-0.19.1.tgz 0ms (cache hit)
483 http cache @eslint/plugin-kit@https://registry.npmjs.org/@eslint/plugin-kit/-/plugin-kit-0.2.5.tgz 0ms (cache hit)
484 http cache @humanfs/node@https://registry.npmjs.org/@humanfs/node/-/node-0.16.6.tgz 0ms (cache hit)
485 http cache @eslint/object-schema@https://registry.npmjs.org/@eslint/object-schema/-/object-schema-2.1.6.tgz 0ms (cache hit)
486 http cache @eslint/core@https://registry.npmjs.org/@eslint/core/-/core-0.11.0.tgz 0ms (cache hit)
487 http cache @eslint/js@https://registry.npmjs.org/@eslint/js/-/js-9.20.0.tgz 0ms (cache hit)
488 http cache @eslint/config-array@https://registry.npmjs.org/@eslint/config-array/-/config-array-0.19.2.tgz 0ms (cache hit)
489 http cache @eslint/eslintrc@https://registry.npmjs.org/@eslint/eslintrc/-/eslintrc-3.2.0.tgz 0ms (cache hit)
490 http cache @eslint-community/eslint-utils@https://registry.npmjs.org/@eslint-community/eslint-utils/-/eslint-utils-4.4.1.tgz 0ms (cache hit)
491 http cache @eslint-community/regexpp@https://registry.npmjs.org/@eslint-community/regexpp/-/regexpp-4.12.1.tgz 0ms (cache hit)
492 http cache @babel/runtime@https://registry.npmjs.org/@babel/runtime/-/runtime-7.26.9.tgz 0ms (cache hit)
493 http cache @aws-sdk/xml-builder@https://registry.npmjs.org/@aws-sdk/xml-builder/-/xml-builder-3.734.0.tgz 0ms (cache hit)
494 http cache @aws-sdk/util-user-agent-node@https://registry.npmjs.org/@aws-sdk/util-user-agent-node/-/util-user-agent-node-3.750.0.tgz 0ms (cache hit)
495 http cache @aws-sdk/util-locate-window@https://registry.npmjs.org/@aws-sdk/util-locate-window/-/util-locate-window-3.723.0.tgz 0ms (cache hit)
496 http cache @aws-sdk/util-user-agent-browser@https://registry.npmjs.org/@aws-sdk/util-user-agent-browser/-/util-user-agent-browser-3.734.0.tgz 0ms (cache hit)
497 http cache @aws-sdk/util-arn-parser@https://registry.npmjs.org/@aws-sdk/util-arn-parser/-/util-arn-parser-3.723.0.tgz 0ms (cache hit)
498 http cache @aws-sdk/util-endpoints@https://registry.npmjs.org/@aws-sdk/util-endpoints/-/util-endpoints-3.743.0.tgz 0ms (cache hit)
499 http cache @aws-sdk/token-providers@https://registry.npmjs.org/@aws-sdk/token-providers/-/token-providers-3.750.0.tgz 0ms (cache hit)
500 http cache @aws-sdk/types@https://registry.npmjs.org/@aws-sdk/types/-/types-3.734.0.tgz 0ms (cache hit)
501 http cache @aws-sdk/signature-v4-multi-region@https://registry.npmjs.org/@aws-sdk/signature-v4-multi-region/-/signature-v4-multi-region-3.750.0.tgz 0ms (cache hit)
502 http cache @aws-sdk/region-config-resolver@https://registry.npmjs.org/@aws-sdk/region-config-resolver/-/region-config-resolver-3.734.0.tgz 0ms (cache hit)
503 http cache @aws-sdk/nested-clients@https://registry.npmjs.org/@aws-sdk/nested-clients/-/nested-clients-3.750.0.tgz 0ms (cache hit)
504 http cache @aws-sdk/middleware-user-agent@https://registry.npmjs.org/@aws-sdk/middleware-user-agent/-/middleware-user-agent-3.750.0.tgz 0ms (cache hit)
505 http cache @aws-sdk/middleware-ssec@https://registry.npmjs.org/@aws-sdk/middleware-ssec/-/middleware-ssec-3.734.0.tgz 0ms (cache hit)
506 http cache @aws-sdk/middleware-sdk-s3@https://registry.npmjs.org/@aws-sdk/middleware-sdk-s3/-/middleware-sdk-s3-3.750.0.tgz 0ms (cache hit)
507 http cache @aws-sdk/middleware-logger@https://registry.npmjs.org/@aws-sdk/middleware-logger/-/middleware-logger-3.734.0.tgz 0ms (cache hit)
508 http cache @aws-sdk/middleware-location-constraint@https://registry.npmjs.org/@aws-sdk/middleware-location-constraint/-/middleware-location-constraint-3.734.0.tgz 0ms (cache hit)
509 http cache @aws-sdk/middleware-host-header@https://registry.npmjs.org/@aws-sdk/middleware-host-header/-/middleware-host-header-3.734.0.tgz 0ms (cache hit)
510 http cache @aws-sdk/middleware-recursion-detection@https://registry.npmjs.org/@aws-sdk/middleware-recursion-detection/-/middleware-recursion-detection-3.734.0.tgz 0ms (cache hit)
511 http cache @aws-sdk/middleware-flexible-checksums@https://registry.npmjs.org/@aws-sdk/middleware-flexible-checksums/-/middleware-flexible-checksums-3.750.0.tgz 0ms (cache hit)
512 http cache @aws-sdk/middleware-expect-continue@https://registry.npmjs.org/@aws-sdk/middleware-expect-continue/-/middleware-expect-continue-3.734.0.tgz 1ms (cache hit)
513 http cache @aws-sdk/credential-provider-web-identity@https://registry.npmjs.org/@aws-sdk/credential-provider-web-identity/-/credential-provider-web-identity-3.750.0.tgz 0ms (cache hit)
514 http cache @aws-sdk/middleware-bucket-endpoint@https://registry.npmjs.org/@aws-sdk/middleware-bucket-endpoint/-/middleware-bucket-endpoint-3.734.0.tgz 0ms (cache hit)
515 http cache @aws-sdk/credential-provider-process@https://registry.npmjs.org/@aws-sdk/credential-provider-process/-/credential-provider-process-3.750.0.tgz 0ms (cache hit)
516 http cache @aws-sdk/credential-provider-sso@https://registry.npmjs.org/@aws-sdk/credential-provider-sso/-/credential-provider-sso-3.750.0.tgz 0ms (cache hit)
517 http cache @aws-sdk/credential-provider-node@https://registry.npmjs.org/@aws-sdk/credential-provider-node/-/credential-provider-node-3.750.0.tgz 0ms (cache hit)
518 http cache @aws-sdk/credential-provider-ini@https://registry.npmjs.org/@aws-sdk/credential-provider-ini/-/credential-provider-ini-3.750.0.tgz 0ms (cache hit)
519 http cache @aws-crypto/util@https://registry.npmjs.org/@aws-crypto/util/-/util-5.2.0.tgz 0ms (cache hit)
520 http cache @aws-sdk/credential-provider-env@https://registry.npmjs.org/@aws-sdk/credential-provider-env/-/credential-provider-env-3.750.0.tgz 0ms (cache hit)
521 http cache @aws-sdk/core@https://registry.npmjs.org/@aws-sdk/core/-/core-3.750.0.tgz 0ms (cache hit)
522 http cache @aws-sdk/credential-provider-http@https://registry.npmjs.org/@aws-sdk/credential-provider-http/-/credential-provider-http-3.750.0.tgz 0ms (cache hit)
523 http cache @aws-sdk/client-sso@https://registry.npmjs.org/@aws-sdk/client-sso/-/client-sso-3.750.0.tgz 0ms (cache hit)
524 http cache @aws-sdk/client-s3@https://registry.npmjs.org/@aws-sdk/client-s3/-/client-s3-3.750.0.tgz 0ms (cache hit)
525 http cache uuid@https://registry.npmjs.org/uuid/-/uuid-10.0.0.tgz 0ms (cache hit)
526 http cache @aws-crypto/supports-web-crypto@https://registry.npmjs.org/@aws-crypto/supports-web-crypto/-/supports-web-crypto-5.2.0.tgz 0ms (cache hit)
527 http cache @aws-crypto/sha256-js@https://registry.npmjs.org/@aws-crypto/sha256-js/-/sha256-js-5.2.0.tgz 0ms (cache hit)
528 http cache @aws-crypto/sha256-browser@https://registry.npmjs.org/@aws-crypto/sha256-browser/-/sha256-browser-5.2.0.tgz 0ms (cache hit)
529 http cache @aws-crypto/sha1-browser@https://registry.npmjs.org/@aws-crypto/sha1-browser/-/sha1-browser-5.2.0.tgz 0ms (cache hit)
530 http cache isarray@https://registry.npmjs.org/isarray/-/isarray-0.0.1.tgz 0ms (cache hit)
531 http cache @aws-crypto/crc32@https://registry.npmjs.org/@aws-crypto/crc32/-/crc32-5.2.0.tgz 0ms (cache hit)
532 http cache @aws-crypto/crc32c@https://registry.npmjs.org/@aws-crypto/crc32c/-/crc32c-5.2.0.tgz 0ms (cache hit)
533 http cache fdir@https://registry.npmjs.org/fdir/-/fdir-6.4.3.tgz 0ms (cache hit)
534 http cache punycode@https://registry.npmjs.org/punycode/-/punycode-1.3.2.tgz 0ms (cache hit)
535 http cache picomatch@https://registry.npmjs.org/picomatch/-/picomatch-4.0.2.tgz 0ms (cache hit)
536 http cache semver@https://registry.npmjs.org/semver/-/semver-6.3.1.tgz 0ms (cache hit)
537 http cache glob-parent@https://registry.npmjs.org/glob-parent/-/glob-parent-5.1.2.tgz 0ms (cache hit)
538 http cache debug@https://registry.npmjs.org/debug/-/debug-3.2.7.tgz 0ms (cache hit)
539 http cache debug@https://registry.npmjs.org/debug/-/debug-3.2.7.tgz 0ms (cache hit)
540 http cache semver@https://registry.npmjs.org/semver/-/semver-6.3.1.tgz 0ms (cache hit)
541 http cache resolve@https://registry.npmjs.org/resolve/-/resolve-2.0.0-next.5.tgz 0ms (cache hit)
542 http cache react-dom@https://registry.npmjs.org/react-dom/-/react-dom-16.14.0.tgz 0ms (cache hit)
543 http cache scheduler@https://registry.npmjs.org/scheduler/-/scheduler-0.19.1.tgz 0ms (cache hit)
544 http cache debug@https://registry.npmjs.org/debug/-/debug-3.2.7.tgz 0ms (cache hit)
545 http cache isarray@https://registry.npmjs.org/isarray/-/isarray-1.0.0.tgz 0ms (cache hit)
546 http cache minimatch@https://registry.npmjs.org/minimatch/-/minimatch-9.0.5.tgz 0ms (cache hit)
547 http cache @humanwhocodes/retry@https://registry.npmjs.org/@humanwhocodes/retry/-/retry-0.3.1.tgz 0ms (cache hit)
548 http cache uuid@https://registry.npmjs.org/uuid/-/uuid-8.0.0.tgz 0ms (cache hit)
549 http cache react@https://registry.npmjs.org/react/-/react-16.14.0.tgz 0ms (cache hit)
550 http cache @eslint/core@https://registry.npmjs.org/@eslint/core/-/core-0.10.0.tgz 0ms (cache hit)
551 http cache eslint-visitor-keys@https://registry.npmjs.org/eslint-visitor-keys/-/eslint-visitor-keys-3.4.3.tgz 0ms (cache hit)
552 http cache @smithy/util-utf8@https://registry.npmjs.org/@smithy/util-utf8/-/util-utf8-2.3.0.tgz 0ms (cache hit)
553 http cache brace-expansion@https://registry.npmjs.org/brace-expansion/-/brace-expansion-2.0.1.tgz 0ms (cache hit)
554 http cache fast-glob@https://registry.npmjs.org/fast-glob/-/fast-glob-3.3.3.tgz 0ms (cache hit)
555 http cache glob-parent@https://registry.npmjs.org/glob-parent/-/glob-parent-5.1.2.tgz 0ms (cache hit)
556 http cache @smithy/util-buffer-from@https://registry.npmjs.org/@smithy/util-buffer-from/-/util-buffer-from-2.2.0.tgz 0ms (cache hit)
557 http cache @smithy/util-buffer-from@https://registry.npmjs.org/@smithy/util-buffer-from/-/util-buffer-from-2.2.0.tgz 0ms (cache hit)
558 http cache @smithy/util-utf8@https://registry.npmjs.org/@smithy/util-utf8/-/util-utf8-2.3.0.tgz 0ms (cache hit)
559 http cache @smithy/util-utf8@https://registry.npmjs.org/@smithy/util-utf8/-/util-utf8-2.3.0.tgz 0ms (cache hit)
560 http cache @smithy/is-array-buffer@https://registry.npmjs.org/@smithy/is-array-buffer/-/is-array-buffer-2.2.0.tgz 0ms (cache hit)
561 http cache @smithy/util-buffer-from@https://registry.npmjs.org/@smithy/util-buffer-from/-/util-buffer-from-2.2.0.tgz 0ms (cache hit)
562 silly tarball no local data for fast-sha256@https://registry.npmjs.org/fast-sha256/-/fast-sha256-1.3.0.tgz. Extracting by manifest.
563 silly tarball no local data for @stablelib/base64@https://registry.npmjs.org/@stablelib/base64/-/base64-1.0.1.tgz. Extracting by manifest.
564 http cache @smithy/is-array-buffer@https://registry.npmjs.org/@smithy/is-array-buffer/-/is-array-buffer-2.2.0.tgz 0ms (cache hit)
565 http cache @smithy/is-array-buffer@https://registry.npmjs.org/@smithy/is-array-buffer/-/is-array-buffer-2.2.0.tgz 0ms (cache hit)
566 silly tarball no local data for @standard-schema/utils@https://registry.npmjs.org/@standard-schema/utils/-/utils-0.3.0.tgz. Extracting by manifest.
567 silly tarball no local data for postal-mime@https://registry.npmjs.org/postal-mime/-/postal-mime-2.7.4.tgz. Extracting by manifest.
568 silly tarball no local data for standardwebhooks@https://registry.npmjs.org/standardwebhooks/-/standardwebhooks-1.0.0.tgz. Extracting by manifest.
569 silly tarball no local data for svix@https://registry.npmjs.org/svix/-/svix-1.90.0.tgz. Extracting by manifest.
570 silly tarball no local data for zod@https://registry.npmjs.org/zod/-/zod-4.4.3.tgz. Extracting by manifest.
571 silly tarball no local data for @hookform/resolvers@https://registry.npmjs.org/@hookform/resolvers/-/resolvers-5.2.2.tgz. Extracting by manifest.
572 silly tarball no local data for resend@https://registry.npmjs.org/resend/-/resend-6.12.2.tgz. Extracting by manifest.
573 silly tarball no local data for react-hook-form@https://registry.npmjs.org/react-hook-form/-/react-hook-form-7.75.0.tgz. Extracting by manifest.
574 silly tarball no local data for next@https://registry.npmjs.org/next/-/next-15.1.9.tgz. Extracting by manifest.
575 silly tarball no local data for @next/swc-win32-x64-msvc@https://registry.npmjs.org/@next/swc-win32-x64-msvc/-/swc-win32-x64-msvc-15.1.9.tgz. Extracting by manifest.
576 silly tarball no local data for @next/env@https://registry.npmjs.org/@next/env/-/env-15.1.9.tgz. Extracting by manifest.
577 silly tarball no local data for uuid@https://registry.npmjs.org/uuid/-/uuid-10.0.0.tgz. Extracting by manifest.
578 http fetch POST 200 https://registry.npmjs.org/-/npm/v1/security/advisories/bulk 1956ms
579 silly audit report {
579 silly audit report   '@babel/runtime': [
579 silly audit report     {
579 silly audit report       id: 1104000,
579 silly audit report       url: 'https://github.com/advisories/GHSA-968p-4wvh-cqc8',
579 silly audit report       title: 'Babel has inefficient RegExp complexity in generated code with .replace when transpiling named capturing groups',
579 silly audit report       severity: 'moderate',
579 silly audit report       vulnerable_versions: '<7.26.10',
579 silly audit report       cwe: [Array],
579 silly audit report       cvss: [Object]
579 silly audit report     }
579 silly audit report   ],
579 silly audit report   '@eslint/plugin-kit': [
579 silly audit report     {
579 silly audit report       id: 1106734,
579 silly audit report       url: 'https://github.com/advisories/GHSA-xffm-g5w8-qvg7',
579 silly audit report       title: '@eslint/plugin-kit is vulnerable to Regular Expression Denial of Service attacks through ConfigCommentParser',
579 silly audit report       severity: 'low',
579 silly audit report       vulnerable_versions: '<0.3.4',
579 silly audit report       cwe: [Array],
579 silly audit report       cvss: [Object]
579 silly audit report     }
579 silly audit report   ],
579 silly audit report   '@smithy/config-resolver': [
579 silly audit report     {
579 silly audit report       id: 1111987,
579 silly audit report       url: 'https://github.com/advisories/GHSA-6475-r3vj-m8vf',
579 silly audit report       title: 'AWS SDK for JavaScript v3 adopted defense in depth enhancement for region parameter value',
579 silly audit report       severity: 'low',
579 silly audit report       vulnerable_versions: '<4.4.0',
579 silly audit report       cwe: [Array],
579 silly audit report       cvss: [Object]
579 silly audit report     }
579 silly audit report   ],
579 silly audit report   'brace-expansion': [
579 silly audit report     {
579 silly audit report       id: 1105443,
579 silly audit report       url: 'https://github.com/advisories/GHSA-v6h2-p8h4-qcjw',
579 silly audit report       title: 'brace-expansion Regular Expression Denial of Service vulnerability',
579 silly audit report       severity: 'low',
579 silly audit report       vulnerable_versions: '>=1.0.0 <=1.1.11',
579 silly audit report       cwe: [Array],
579 silly audit report       cvss: [Object]
579 silly audit report     },
579 silly audit report     {
579 silly audit report       id: 1105444,
579 silly audit report       url: 'https://github.com/advisories/GHSA-v6h2-p8h4-qcjw',
579 silly audit report       title: 'brace-expansion Regular Expression Denial of Service vulnerability',
579 silly audit report       severity: 'low',
579 silly audit report       vulnerable_versions: '>=2.0.0 <=2.0.1',
579 silly audit report       cwe: [Array],
579 silly audit report       cvss: [Object]
579 silly audit report     },
579 silly audit report     {
579 silly audit report       id: 1115540,
579 silly audit report       url: 'https://github.com/advisories/GHSA-f886-m6hf-6m8v',
579 silly audit report       title: 'brace-expansion: Zero-step sequence causes process hang and memory exhaustion',
579 silly audit report       severity: 'moderate',
579 silly audit report       vulnerable_versions: '<1.1.13',
579 silly audit report       cwe: [Array],
579 silly audit report       cvss: [Object]
579 silly audit report     },
579 silly audit report     {
579 silly audit report       id: 1115541,
579 silly audit report       url: 'https://github.com/advisories/GHSA-f886-m6hf-6m8v',
579 silly audit report       title: 'brace-expansion: Zero-step sequence causes process hang and memory exhaustion',
579 silly audit report       severity: 'moderate',
579 silly audit report       vulnerable_versions: '>=2.0.0 <2.0.3',
579 silly audit report       cwe: [Array],
579 silly audit report       cvss: [Object]
579 silly audit report     }
579 silly audit report   ],
579 silly audit report   minimatch: [
579 silly audit report     {
579 silly audit report       id: 1113459,
579 silly audit report       url: 'https://github.com/advisories/GHSA-3ppc-4f35-3m26',
579 silly audit report       title: 'minimatch has a ReDoS via repeated wildcards with non-matching literal in pattern',
579 silly audit report       severity: 'high',
579 silly audit report       vulnerable_versions: '<3.1.3',
579 silly audit report       cwe: [Array],
579 silly audit report       cvss: [Object]
579 silly audit report     },
579 silly audit report     {
579 silly audit report       id: 1113465,
579 silly audit report       url: 'https://github.com/advisories/GHSA-3ppc-4f35-3m26',
579 silly audit report       title: 'minimatch has a ReDoS via repeated wildcards with non-matching literal in pattern',
579 silly audit report       severity: 'high',
579 silly audit report       vulnerable_versions: '>=9.0.0 <9.0.6',
579 silly audit report       cwe: [Array],
579 silly audit report       cvss: [Object]
579 silly audit report     },
579 silly audit report     {
579 silly audit report       id: 1113538,
579 silly audit report       url: 'https://github.com/advisories/GHSA-7r86-cg39-jmmj',
579 silly audit report       title: 'minimatch has ReDoS: matchOne() combinatorial backtracking via multiple non-adjacent GLOBSTAR segments',
579 silly audit report       severity: 'high',
579 silly audit report       vulnerable_versions: '<3.1.3',
579 silly audit report       cwe: [Array],
579 silly audit report       cvss: [Object]
579 silly audit report     },
579 silly audit report     {
579 silly audit report       id: 1113544,
579 silly audit report       url: 'https://github.com/advisories/GHSA-7r86-cg39-jmmj',
579 silly audit report       title: 'minimatch has ReDoS: matchOne() combinatorial backtracking via multiple non-adjacent GLOBSTAR segments',
579 silly audit report       severity: 'high',
579 silly audit report       vulnerable_versions: '>=9.0.0 <9.0.7',
579 silly audit report       cwe: [Array],
579 silly audit report       cvss: [Object]
579 silly audit report     },
579 silly audit report     {
579 silly audit report       id: 1113546,
579 silly audit report       url: 'https://github.com/advisories/GHSA-23c5-xmqv-rm74',
579 silly audit report       title: 'minimatch ReDoS: nested *() extglobs generate catastrophically backtracking regular expressions',
579 silly audit report       severity: 'high',
579 silly audit report       vulnerable_versions: '<3.1.4',
579 silly audit report       cwe: [Array],
579 silly audit report       cvss: [Object]
579 silly audit report     },
579 silly audit report     {
579 silly audit report       id: 1113552,
579 silly audit report       url: 'https://github.com/advisories/GHSA-23c5-xmqv-rm74',
579 silly audit report       title: 'minimatch ReDoS: nested *() extglobs generate catastrophically backtracking regular expressions',
579 silly audit report       severity: 'high',
579 silly audit report       vulnerable_versions: '>=9.0.0 <9.0.7',
579 silly audit report       cwe: [Array],
579 silly audit report       cvss: [Object]
579 silly audit report     }
579 silly audit report   ],
579 silly audit report   ajv: [
579 silly audit report     {
579 silly audit report       id: 1113714,
579 silly audit report       url: 'https://github.com/advisories/GHSA-2g4f-4pwh-qvx6',
579 silly audit report       title: 'ajv has ReDoS when using `$data` option',
579 silly audit report       severity: 'moderate',
579 silly audit report       vulnerable_versions: '<6.14.0',
579 silly audit report       cwe: [Array],
579 silly audit report       cvss: [Object]
579 silly audit report     }
579 silly audit report   ],
579 silly audit report   'aws-sdk': [
579 silly audit report     {
579 silly audit report       id: 1111997,
579 silly audit report       url: 'https://github.com/advisories/GHSA-j965-2qgj-vjmq',
579 silly audit report       title: 'JavaScript SDK v2 users should add validation to the region parameter value in or migrate to v3',
579 silly audit report       severity: 'low',
579 silly audit report       vulnerable_versions: '>=2.0.0 <=3.0.0',
579 silly audit report       cwe: [Array],
579 silly audit report       cvss: [Object]
579 silly audit report     }
579 silly audit report   ],
579 silly audit report   uuid: [
579 silly audit report     {
579 silly audit report       id: 1116970,
579 silly audit report       url: 'https://github.com/advisories/GHSA-w5hq-g745-h8pq',
579 silly audit report       title: 'uuid: Missing buffer bounds check in v3/v5/v6 when buf is provided',
579 silly audit report       severity: 'moderate',
579 silly audit report       vulnerable_versions: '<14.0.0',
579 silly audit report       cwe: [Array],
579 silly audit report       cvss: [Object]
579 silly audit report     }
579 silly audit report   ],
579 silly audit report   'fast-xml-parser': [
579 silly audit report     {
579 silly audit report       id: 1113567,
579 silly audit report       url: 'https://github.com/advisories/GHSA-m7jm-9gc2-mpf2',
579 silly audit report       title: 'fast-xml-parser has an entity encoding bypass via regex injection in DOCTYPE entity names',
579 silly audit report       severity: 'critical',
579 silly audit report       vulnerable_versions: '>=4.1.3 <4.5.4',
579 silly audit report       cwe: [Array],
579 silly audit report       cvss: [Object]
579 silly audit report     },
579 silly audit report     {
579 silly audit report       id: 1113570,
579 silly audit report       url: 'https://github.com/advisories/GHSA-jmr7-xgp7-cmfj',
579 silly audit report       title: 'fast-xml-parser affected by DoS through entity expansion in DOCTYPE (no expansion limit)',
579 silly audit report       severity: 'high',
579 silly audit report       vulnerable_versions: '>=4.1.3 <4.5.4',
579 silly audit report       cwe: [Array],
579 silly audit report       cvss: [Object]
579 silly audit report     },
579 silly audit report     {
579 silly audit report       id: 1114149,
579 silly audit report       url: 'https://github.com/advisories/GHSA-fj3w-jwp8-x2g3',
579 silly audit report       title: 'fast-xml-parser has stack overflow in XMLBuilder with preserveOrder',
579 silly audit report       severity: 'low',
579 silly audit report       vulnerable_versions: '>=4.0.0-beta.0 <4.5.4',
579 silly audit report       cwe: [Array],
579 silly audit report       cvss: [Object]
579 silly audit report     },
579 silly audit report     {
579 silly audit report       id: 1115338,
579 silly audit report       url: 'https://github.com/advisories/GHSA-8gc5-j5rx-235r',
579 silly audit report       title: 'fast-xml-parser affected by numeric entity expansion bypassing all entity expansion limits (incomplete fix for CVE-2026-26278)',
579 silly audit report       severity: 'high',
579 silly audit report       vulnerable_versions: '>=4.0.0-beta.3 <4.5.5',
579 silly audit report       cwe: [Array],
579 silly audit report       cvss: [Object]
579 silly audit report     },
579 silly audit report     {
579 silly audit report       id: 1116308,
579 silly audit report       url: 'https://github.com/advisories/GHSA-jp2q-39xq-3w4g',
579 silly audit report       title: 'Entity Expansion Limits Bypassed When Set to Zero Due to JavaScript Falsy Evaluation in fast-xml-parser',
579 silly audit report       severity: 'moderate',
579 silly audit report       vulnerable_versions: '>=4.0.0-beta.3 <4.5.5',
579 silly audit report       cwe: [Array],
579 silly audit report       cvss: [Object]
579 silly audit report     },
579 silly audit report     {
579 silly audit report       id: 1116957,
579 silly audit report       url: 'https://github.com/advisories/GHSA-gh4j-gqv2-49f6',
579 silly audit report       title: 'fast-xml-parser XMLBuilder: XML Comment and CDATA Injection via Unescaped Delimiters',
579 silly audit report       severity: 'moderate',
579 silly audit report       vulnerable_versions: '<5.7.0',
579 silly audit report       cwe: [Array],
579 silly audit report       cvss: [Object]
579 silly audit report     }
579 silly audit report   ],
579 silly audit report   flatted: [
579 silly audit report     {
579 silly audit report       id: 1114526,
579 silly audit report       url: 'https://github.com/advisories/GHSA-25h7-pfq9-p65f',
579 silly audit report       title: 'flatted vulnerable to unbounded recursion DoS in parse() revive phase',
579 silly audit report       severity: 'high',
579 silly audit report       vulnerable_versions: '<3.4.0',
579 silly audit report       cwe: [Array],
579 silly audit report       cvss: [Object]
579 silly audit report     },
579 silly audit report     {
579 silly audit report       id: 1115357,
579 silly audit report       url: 'https://github.com/advisories/GHSA-rf6f-7fwh-wjgh',
579 silly audit report       title: 'Prototype Pollution via parse() in NodeJS flatted',
579 silly audit report       severity: 'high',
579 silly audit report       vulnerable_versions: '<=3.4.1',
579 silly audit report       cwe: [Array],
579 silly audit report       cvss: [Object]
579 silly audit report     }
579 silly audit report   ],
579 silly audit report   'js-yaml': [
579 silly audit report     {
579 silly audit report       id: 1112715,
579 silly audit report       url: 'https://github.com/advisories/GHSA-mh29-5h37-fv8m',
579 silly audit report       title: 'js-yaml has prototype pollution in merge (<<)',
579 silly audit report       severity: 'moderate',
579 silly audit report       vulnerable_versions: '>=4.0.0 <4.1.1',
579 silly audit report       cwe: [Array],
579 silly audit report       cvss: [Object]
579 silly audit report     }
579 silly audit report   ],
579 silly audit report   next: [
579 silly audit report     {
579 silly audit report       id: 1105462,
579 silly audit report       url: 'https://github.com/advisories/GHSA-3h52-269p-cp9r',
579 silly audit report       title: 'Information exposure in Next.js dev server due to lack of origin verification',
579 silly audit report       severity: 'low',
579 silly audit report       vulnerable_versions: '>=15.0.0 <15.2.2',
579 silly audit report       cwe: [Array],
579 silly audit report       cvss: [Object]
579 silly audit report     },
579 silly audit report     {
579 silly audit report       id: 1111380,
579 silly audit report       url: 'https://github.com/advisories/GHSA-w37m-7fhw-fmv9',
579 silly audit report       title: 'Next Server Actions Source Code Exposure ',
579 silly audit report       severity: 'moderate',
579 silly audit report       vulnerable_versions: '>=15.1.1-canary.0 <15.1.10',
579 silly audit report       cwe: [Array],
579 silly audit report       cvss: [Object]
579 silly audit report     },
579 silly audit report     {
579 silly audit report       id: 1111389,
579 silly audit report       url: 'https://github.com/advisories/GHSA-mwv6-3258-q52c',
579 silly audit report       title: 'Next Vulnerable to Denial of Service with Server Components',
579 silly audit report       severity: 'high',
579 silly audit report       vulnerable_versions: '>=15.1.1-canary.0 <15.1.10',
579 silly audit report       cwe: [Array],
579 silly audit report       cvss: [Object]
579 silly audit report     },
579 silly audit report     {
579 silly audit report       id: 1107228,
579 silly audit report       url: 'https://github.com/advisories/GHSA-g5qg-72qw-gw5v',
579 silly audit report       title: 'Next.js Affected by Cache Key Confusion for Image Optimization API Routes',
579 silly audit report       severity: 'moderate',
579 silly audit report       vulnerable_versions: '>=15.0.0 <=15.4.4',
579 silly audit report       cwe: [Array],
579 silly audit report       cvss: [Object]
579 silly audit report     },
579 silly audit report     {
579 silly audit report       id: 1107514,
579 silly audit report       url: 'https://github.com/advisories/GHSA-xv57-4mr9-wg8v',
579 silly audit report       title: 'Next.js Content Injection Vulnerability for Image Optimization',
579 silly audit report       severity: 'moderate',
579 silly audit report       vulnerable_versions: '>=15.0.0 <=15.4.4',
579 silly audit report       cwe: [Array],
579 silly audit report       cvss: [Object]
579 silly audit report     },
579 silly audit report     {
579 silly audit report       id: 1107515,
579 silly audit report       url: 'https://github.com/advisories/GHSA-4342-x723-ch2f',
579 silly audit report       title: 'Next.js Improper Middleware Redirect Handling Leads to SSRF',
579 silly audit report       severity: 'moderate',
579 silly audit report       vulnerable_versions: '>=15.0.0-canary.0 <15.4.7',
579 silly audit report       cwe: [Array],
579 silly audit report       cvss: [Object]
579 silly audit report     },
579 silly audit report     {
579 silly audit report       id: 1112593,
579 silly audit report       url: 'https://github.com/advisories/GHSA-9g9p-9gw9-jx7f',
579 silly audit report       title: 'Next.js self-hosted applications vulnerable to DoS via Image Optimizer remotePatterns configuration',
579 silly audit report       severity: 'moderate',
579 silly audit report       vulnerable_versions: '>=10.0.0 <15.5.10',
579 silly audit report       cwe: [Array],
579 silly audit report       cvss: [Object]
579 silly audit report     },
579 silly audit report     {
579 silly audit report       id: 1112652,
579 silly audit report       url: 'https://github.com/advisories/GHSA-h25m-26qc-wcjf',
579 silly audit report       title: 'Next.js HTTP request deserialization can lead to DoS when using insecure React Server Components',
579 silly audit report       severity: 'high',
579 silly audit report       vulnerable_versions: '>=15.1.1-canary.0 <15.1.12',
579 silly audit report       cwe: [Array],
579 silly audit report       cvss: [Object]
579 silly audit report     },
579 silly audit report     {
579 silly audit report       id: 1113688,
579 silly audit report       url: 'https://github.com/advisories/GHSA-f82v-jwr5-mffw',
579 silly audit report       title: 'Authorization Bypass in Next.js Middleware',
579 silly audit report       severity: 'critical',
579 silly audit report       vulnerable_versions: '>=15.0.0 <15.2.3',
579 silly audit report       cwe: [Array],
579 silly audit report       cvss: [Object]
579 silly audit report     },
579 silly audit report     {
579 silly audit report       id: 1114897,
579 silly audit report       url: 'https://github.com/advisories/GHSA-ggv3-7p47-pfv8',
579 silly audit report       title: 'Next.js: HTTP request smuggling in rewrites',
579 silly audit report       severity: 'moderate',
579 silly audit report       vulnerable_versions: '>=9.5.0 <15.5.13',
579 silly audit report       cwe: [Array],
579 silly audit report       cvss: [Object]
579 silly audit report     },
579 silly audit report     {
579 silly audit report       id: 1114940,
579 silly audit report       url: 'https://github.com/advisories/GHSA-3x4c-7xq6-9pq8',
579 silly audit report       title: 'Next.js: Unbounded next/image disk cache growth can exhaust storage',
579 silly audit report       severity: 'moderate',
579 silly audit report       vulnerable_versions: '>=10.0.0 <15.5.14',
579 silly audit report       cwe: [Array],
579 silly audit report       cvss: [Object]
579 silly audit report     },
579 silly audit report     {
579 silly audit report       id: 1116376,
579 silly audit report       url: 'https://github.com/advisories/GHSA-q4gf-8mx6-v5v3',
579 silly audit report       title: 'Next.js has a Denial of Service with Server Components',
579 silly audit report       severity: 'high',
579 silly audit report       vulnerable_versions: '>=13.0.0 <15.5.15',
579 silly audit report       cwe: [Array],
579 silly audit report       cvss: [Object]
579 silly audit report     }
579 silly audit report   ],
579 silly audit report   picomatch: [
579 silly audit report     {
579 silly audit report       id: 1115549,
579 silly audit report       url: 'https://github.com/advisories/GHSA-3v7f-55p6-f55p',
579 silly audit report       title: 'Picomatch: Method Injection in POSIX Character Classes causes incorrect Glob Matching',
579 silly audit report       severity: 'moderate',
579 silly audit report       vulnerable_versions: '<2.3.2',
579 silly audit report       cwe: [Array],
579 silly audit report       cvss: [Object]
579 silly audit report     },
579 silly audit report     {
579 silly audit report       id: 1115551,
579 silly audit report       url: 'https://github.com/advisories/GHSA-3v7f-55p6-f55p',
579 silly audit report       title: 'Picomatch: Method Injection in POSIX Character Classes causes incorrect Glob Matching',
579 silly audit report       severity: 'moderate',
579 silly audit report       vulnerable_versions: '>=4.0.0 <4.0.4',
579 silly audit report       cwe: [Array],
579 silly audit report       cvss: [Object]
579 silly audit report     },
579 silly audit report     {
579 silly audit report       id: 1115552,
579 silly audit report       url: 'https://github.com/advisories/GHSA-c2c7-rcm5-vvqj',
579 silly audit report       title: 'Picomatch has a ReDoS vulnerability via extglob quantifiers',
579 silly audit report       severity: 'high',
579 silly audit report       vulnerable_versions: '<2.3.2',
579 silly audit report       cwe: [Array],
579 silly audit report       cvss: [Object]
579 silly audit report     },
579 silly audit report     {
579 silly audit report       id: 1115554,
579 silly audit report       url: 'https://github.com/advisories/GHSA-c2c7-rcm5-vvqj',
579 silly audit report       title: 'Picomatch has a ReDoS vulnerability via extglob quantifiers',
579 silly audit report       severity: 'high',
579 silly audit report       vulnerable_versions: '>=4.0.0 <4.0.4',
579 silly audit report       cwe: [Array],
579 silly audit report       cvss: [Object]
579 silly audit report     }
579 silly audit report   ],
579 silly audit report   postcss: [
579 silly audit report     {
579 silly audit report       id: 1117015,
579 silly audit report       url: 'https://github.com/advisories/GHSA-qx2v-qp2m-jg93',
579 silly audit report       title: 'PostCSS has XSS via Unescaped </style> in its CSS Stringify Output',
579 silly audit report       severity: 'moderate',
579 silly audit report       vulnerable_versions: '<8.5.10',
579 silly audit report       cwe: [Array],
579 silly audit report       cvss: [Object]
579 silly audit report     }
579 silly audit report   ],
579 silly audit report   swiper: [
579 silly audit report     {
579 silly audit report       id: 1113431,
579 silly audit report       url: 'https://github.com/advisories/GHSA-hmx5-qpq5-p643',
579 silly audit report       title: 'Prototype pollution in swiper',
579 silly audit report       severity: 'critical',
579 silly audit report       vulnerable_versions: '>=6.5.1 <12.1.2',
579 silly audit report       cwe: [Array],
579 silly audit report       cvss: [Object]
579 silly audit report     }
579 silly audit report   ]
579 silly audit report }
580 silly packumentCache corgi:https://registry.npmjs.org/@babel%2fruntime cache-miss
581 silly packumentCache corgi:https://registry.npmjs.org/@eslint%2fplugin-kit cache-miss
582 silly packumentCache corgi:https://registry.npmjs.org/@smithy%2fconfig-resolver cache-miss
583 silly packumentCache corgi:https://registry.npmjs.org/brace-expansion cache-miss
584 silly packumentCache corgi:https://registry.npmjs.org/minimatch cache-miss
585 silly packumentCache corgi:https://registry.npmjs.org/ajv cache-miss
586 silly packumentCache corgi:https://registry.npmjs.org/aws-sdk cache-miss
587 silly packumentCache corgi:https://registry.npmjs.org/uuid cache-miss
588 silly packumentCache corgi:https://registry.npmjs.org/fast-xml-parser cache-miss
589 silly packumentCache corgi:https://registry.npmjs.org/flatted cache-miss
590 silly packumentCache corgi:https://registry.npmjs.org/js-yaml cache-miss
591 silly packumentCache corgi:https://registry.npmjs.org/next cache-miss
592 silly packumentCache corgi:https://registry.npmjs.org/picomatch cache-miss
593 silly packumentCache corgi:https://registry.npmjs.org/postcss cache-miss
594 silly packumentCache corgi:https://registry.npmjs.org/swiper cache-miss
595 http fetch GET 200 https://registry.npmjs.org/fast-sha256/-/fast-sha256-1.3.0.tgz 4062ms (cache miss)
596 http fetch GET 200 https://registry.npmjs.org/aws-sdk 2966ms (cache revalidated)
597 silly packumentCache corgi:https://registry.npmjs.org/aws-sdk set size:3771153 disposed:false
598 http fetch GET 200 https://registry.npmjs.org/swiper 3243ms (cache revalidated)
599 silly packumentCache corgi:https://registry.npmjs.org/swiper set size:496660 disposed:false
600 http fetch GET 200 https://registry.npmjs.org/next 3651ms (cache revalidated)
601 silly packumentCache corgi:https://registry.npmjs.org/next set size:24842227 disposed:false
602 http fetch GET 200 https://registry.npmjs.org/@next/env/-/env-15.1.9.tgz 7511ms (cache miss)
603 http fetch GET 200 https://registry.npmjs.org/@eslint%2fplugin-kit 5912ms (cache miss)
604 silly packumentCache corgi:https://registry.npmjs.org/@eslint%2fplugin-kit set size:undefined disposed:false
605 http fetch GET 200 https://registry.npmjs.org/brace-expansion 5929ms (cache miss)
606 silly packumentCache corgi:https://registry.npmjs.org/brace-expansion set size:undefined disposed:false
607 http fetch GET 200 https://registry.npmjs.org/picomatch 6173ms (cache miss)
608 silly packumentCache corgi:https://registry.npmjs.org/picomatch set size:undefined disposed:false
609 http fetch GET 200 https://registry.npmjs.org/@smithy%2fconfig-resolver 6370ms (cache miss)
610 silly packumentCache corgi:https://registry.npmjs.org/@smithy%2fconfig-resolver set size:undefined disposed:false
611 http fetch GET 200 https://registry.npmjs.org/@standard-schema/utils/-/utils-0.3.0.tgz 8296ms (cache miss)
612 http fetch GET 200 https://registry.npmjs.org/uuid 6690ms (cache miss)
613 silly packumentCache corgi:https://registry.npmjs.org/uuid set size:undefined disposed:false
614 http fetch GET 200 https://registry.npmjs.org/js-yaml 6981ms (cache miss)
615 silly packumentCache corgi:https://registry.npmjs.org/js-yaml set size:undefined disposed:false
616 http fetch GET 200 https://registry.npmjs.org/standardwebhooks/-/standardwebhooks-1.0.0.tgz 8918ms (cache miss)
617 http fetch GET 200 https://registry.npmjs.org/@babel%2fruntime 7285ms (cache updated)
618 silly packumentCache corgi:https://registry.npmjs.org/@babel%2fruntime set size:undefined disposed:false
619 http fetch GET 200 https://registry.npmjs.org/flatted 7320ms (cache miss)
620 silly packumentCache corgi:https://registry.npmjs.org/flatted set size:undefined disposed:false
621 http fetch GET 200 https://registry.npmjs.org/fast-xml-parser 7524ms (cache miss)
622 silly packumentCache corgi:https://registry.npmjs.org/fast-xml-parser set size:undefined disposed:false
623 warn deprecated querystring@0.2.0: The querystring API is considered Legacy. new code should use the URLSearchParams API instead.
624 http fetch GET 200 https://registry.npmjs.org/minimatch 8481ms (cache miss)
625 silly packumentCache corgi:https://registry.npmjs.org/minimatch set size:undefined disposed:false
626 http fetch GET 200 https://registry.npmjs.org/@stablelib/base64/-/base64-1.0.1.tgz 10277ms (cache miss)
627 http fetch GET 200 https://registry.npmjs.org/resend/-/resend-6.12.2.tgz 10370ms (cache miss)
628 http fetch GET 200 https://registry.npmjs.org/ajv 8677ms (cache miss)
629 silly packumentCache corgi:https://registry.npmjs.org/ajv set size:undefined disposed:false
630 http fetch GET 200 https://registry.npmjs.org/postcss 8921ms (cache miss)
631 silly packumentCache corgi:https://registry.npmjs.org/postcss set size:undefined disposed:false
632 silly packumentCache corgi:https://registry.npmjs.org/history cache-miss
633 http fetch GET 200 https://registry.npmjs.org/history 1307ms (cache revalidated)
634 silly packumentCache corgi:https://registry.npmjs.org/history set size:129853 disposed:false
635 silly packumentCache corgi:https://registry.npmjs.org/eslint cache-miss
636 http fetch GET 200 https://registry.npmjs.org/postal-mime/-/postal-mime-2.7.4.tgz 13103ms (cache miss)
637 http fetch GET 200 https://registry.npmjs.org/eslint 1985ms (cache updated)
638 silly packumentCache corgi:https://registry.npmjs.org/eslint set size:undefined disposed:false
639 silly packumentCache corgi:https://registry.npmjs.org/@aws-sdk%2fclient-s3 cache-miss
640 silly packumentCache corgi:https://registry.npmjs.org/@aws-sdk%2fclient-sso cache-miss
641 silly packumentCache corgi:https://registry.npmjs.org/@aws-sdk%2fnested-clients cache-miss
642 silly packumentCache corgi:https://registry.npmjs.org/@smithy%2futil-defaults-mode-node cache-miss
643 http fetch GET 200 https://registry.npmjs.org/@aws-sdk%2fclient-s3 822ms (cache revalidated)
644 silly packumentCache corgi:https://registry.npmjs.org/@aws-sdk%2fclient-s3 set size:2225500 disposed:false
645 http fetch GET 200 https://registry.npmjs.org/@smithy%2futil-defaults-mode-node 1036ms (cache miss)
646 silly packumentCache corgi:https://registry.npmjs.org/@smithy%2futil-defaults-mode-node set size:undefined disposed:false
647 http fetch GET 200 https://registry.npmjs.org/@aws-sdk%2fnested-clients 1463ms (cache miss)
648 silly packumentCache corgi:https://registry.npmjs.org/@aws-sdk%2fnested-clients set size:undefined disposed:false
649 http fetch GET 200 https://registry.npmjs.org/@aws-sdk%2fclient-sso 2176ms (cache miss)
650 silly packumentCache corgi:https://registry.npmjs.org/@aws-sdk%2fclient-sso set size:undefined disposed:false
651 silly packumentCache corgi:https://registry.npmjs.org/@eslint%2fconfig-array cache-miss
652 silly packumentCache corgi:https://registry.npmjs.org/@eslint%2feslintrc cache-miss
653 silly packumentCache corgi:https://registry.npmjs.org/eslint-plugin-import cache-miss
654 silly packumentCache corgi:https://registry.npmjs.org/eslint-plugin-jsx-a11y cache-miss
655 silly packumentCache corgi:https://registry.npmjs.org/eslint-plugin-react cache-miss
656 http fetch GET 200 https://registry.npmjs.org/eslint-plugin-jsx-a11y 717ms (cache miss)
657 silly packumentCache corgi:https://registry.npmjs.org/eslint-plugin-jsx-a11y set size:undefined disposed:false
658 http fetch GET 200 https://registry.npmjs.org/@eslint%2fconfig-array 732ms (cache miss)
659 silly packumentCache corgi:https://registry.npmjs.org/@eslint%2fconfig-array set size:undefined disposed:false
660 http fetch GET 200 https://registry.npmjs.org/@eslint%2feslintrc 740ms (cache updated)
661 silly packumentCache corgi:https://registry.npmjs.org/@eslint%2feslintrc set size:undefined disposed:false
662 http fetch GET 200 https://registry.npmjs.org/eslint-plugin-import 792ms (cache miss)
663 silly packumentCache corgi:https://registry.npmjs.org/eslint-plugin-import set size:undefined disposed:false
664 http fetch GET 200 https://registry.npmjs.org/uuid/-/uuid-10.0.0.tgz 18440ms (cache miss)
665 warn deprecated uuid@10.0.0: uuid@10 and below is no longer supported.  For ESM codebases, update to uuid@latest.  For CommonJS codebases, use uuid@11 (but be aware this version will likely be deprecated in 2028).
666 http fetch GET 200 https://registry.npmjs.org/eslint-plugin-react 1324ms (cache miss)
667 silly packumentCache corgi:https://registry.npmjs.org/eslint-plugin-react set size:undefined disposed:false
668 silly packumentCache corgi:https://registry.npmjs.org/@typescript-eslint%2ftypescript-estree cache-miss
669 http fetch GET 200 https://registry.npmjs.org/react-hook-form/-/react-hook-form-7.75.0.tgz 23155ms (cache miss)
670 http fetch GET 200 https://registry.npmjs.org/@hookform/resolvers/-/resolvers-5.2.2.tgz 27857ms (cache miss)
671 http fetch GET 200 https://registry.npmjs.org/zod/-/zod-4.4.3.tgz 33072ms (cache miss)
672 http fetch GET 200 https://registry.npmjs.org/svix/-/svix-1.90.0.tgz 34399ms (cache miss)
673 http fetch GET 200 https://registry.npmjs.org/@typescript-eslint%2ftypescript-estree 18399ms (cache miss)
674 silly packumentCache corgi:https://registry.npmjs.org/@typescript-eslint%2ftypescript-estree set size:undefined disposed:false
675 silly packumentCache corgi:https://registry.npmjs.org/@smithy%2fmiddleware-retry cache-miss
676 silly packumentCache corgi:https://registry.npmjs.org/svix cache-miss
677 http fetch GET 200 https://registry.npmjs.org/@smithy%2fmiddleware-retry 482ms (cache miss)
678 silly packumentCache corgi:https://registry.npmjs.org/@smithy%2fmiddleware-retry set size:undefined disposed:false
679 http fetch GET 200 https://registry.npmjs.org/svix 789ms (cache miss)
680 silly packumentCache corgi:https://registry.npmjs.org/svix set size:undefined disposed:false
681 silly packumentCache corgi:https://registry.npmjs.org/@aws-sdk%2fcore cache-miss
682 http fetch GET 200 https://registry.npmjs.org/@aws-sdk%2fcore 349ms (cache miss)
683 silly packumentCache corgi:https://registry.npmjs.org/@aws-sdk%2fcore set size:undefined disposed:false
684 silly packumentCache corgi:https://registry.npmjs.org/flat-cache cache-miss
685 http fetch GET 200 https://registry.npmjs.org/flat-cache 277ms (cache miss)
686 silly packumentCache corgi:https://registry.npmjs.org/flat-cache set size:undefined disposed:false
687 silly packumentCache corgi:https://registry.npmjs.org/micromatch cache-miss
688 http fetch GET 200 https://registry.npmjs.org/micromatch 1147ms (cache miss)
689 silly packumentCache corgi:https://registry.npmjs.org/micromatch set size:undefined disposed:false
690 silly packumentCache corgi:https://registry.npmjs.org/tinyglobby cache-miss
691 silly packumentCache corgi:https://registry.npmjs.org/fdir cache-miss
692 http fetch GET 200 https://registry.npmjs.org/@next/swc-win32-x64-msvc/-/swc-win32-x64-msvc-15.1.9.tgz 40920ms (cache miss)
693 http fetch GET 200 https://registry.npmjs.org/tinyglobby 331ms (cache miss)
694 silly packumentCache corgi:https://registry.npmjs.org/tinyglobby set size:undefined disposed:false
695 http fetch GET 200 https://registry.npmjs.org/fdir 344ms (cache miss)
696 silly packumentCache corgi:https://registry.npmjs.org/fdir set size:undefined disposed:false
697 silly packumentCache corgi:https://registry.npmjs.org/@eslint-community%2feslint-utils cache-miss
698 silly packumentCache corgi:https://registry.npmjs.org/@typescript-eslint%2feslint-plugin cache-miss
699 silly packumentCache corgi:https://registry.npmjs.org/@typescript-eslint%2fparser cache-miss
700 silly packumentCache corgi:https://registry.npmjs.org/@typescript-eslint%2ftype-utils cache-miss
701 silly packumentCache corgi:https://registry.npmjs.org/@typescript-eslint%2futils cache-miss
702 silly packumentCache corgi:https://registry.npmjs.org/eslint-config-next cache-miss
703 silly packumentCache corgi:https://registry.npmjs.org/eslint-import-resolver-typescript cache-miss
704 silly packumentCache corgi:https://registry.npmjs.org/eslint-plugin-react-hooks cache-miss
705 http fetch GET 200 https://registry.npmjs.org/@eslint-community%2feslint-utils 350ms (cache miss)
706 silly packumentCache corgi:https://registry.npmjs.org/@eslint-community%2feslint-utils set size:undefined disposed:false
707 http fetch GET 200 https://registry.npmjs.org/eslint-import-resolver-typescript 382ms (cache miss)
708 silly packumentCache corgi:https://registry.npmjs.org/eslint-import-resolver-typescript set size:undefined disposed:false
709 http fetch GET 200 https://registry.npmjs.org/eslint-config-next 1857ms (cache updated)
710 silly packumentCache corgi:https://registry.npmjs.org/eslint-config-next set size:undefined disposed:false
711 http fetch GET 200 https://registry.npmjs.org/eslint-plugin-react-hooks 2622ms (cache miss)
712 silly packumentCache corgi:https://registry.npmjs.org/eslint-plugin-react-hooks set size:undefined disposed:false
713 http fetch GET 200 https://registry.npmjs.org/@typescript-eslint%2futils 2770ms (cache miss)
714 silly packumentCache corgi:https://registry.npmjs.org/@typescript-eslint%2futils set size:undefined disposed:false
715 http fetch GET 200 https://registry.npmjs.org/@typescript-eslint%2ftype-utils 2903ms (cache miss)
716 silly packumentCache corgi:https://registry.npmjs.org/@typescript-eslint%2ftype-utils set size:undefined disposed:false
717 http fetch GET 200 https://registry.npmjs.org/@typescript-eslint%2fparser 3110ms (cache miss)
718 silly packumentCache corgi:https://registry.npmjs.org/@typescript-eslint%2fparser set size:undefined disposed:false
719 http fetch GET 200 https://registry.npmjs.org/@typescript-eslint%2feslint-plugin 7972ms (cache miss)
720 silly packumentCache corgi:https://registry.npmjs.org/@typescript-eslint%2feslint-plugin set size:undefined disposed:false
721 silly packumentCache corgi:https://registry.npmjs.org/resend cache-miss
722 http fetch GET 200 https://registry.npmjs.org/resend 312ms (cache miss)
723 silly packumentCache corgi:https://registry.npmjs.org/resend set size:undefined disposed:false
724 silly packumentCache corgi:https://registry.npmjs.org/@aws-sdk%2fcredential-provider-env cache-miss
725 silly packumentCache corgi:https://registry.npmjs.org/@aws-sdk%2fcredential-provider-http cache-miss
726 silly packumentCache corgi:https://registry.npmjs.org/@aws-sdk%2fcredential-provider-ini cache-miss
727 silly packumentCache corgi:https://registry.npmjs.org/@aws-sdk%2fcredential-provider-process cache-miss
728 silly packumentCache corgi:https://registry.npmjs.org/@aws-sdk%2fcredential-provider-sso cache-miss
729 silly packumentCache corgi:https://registry.npmjs.org/@aws-sdk%2fcredential-provider-web-identity cache-miss
730 silly packumentCache corgi:https://registry.npmjs.org/@aws-sdk%2fmiddleware-flexible-checksums cache-miss
731 silly packumentCache corgi:https://registry.npmjs.org/@aws-sdk%2fmiddleware-sdk-s3 cache-miss
732 silly packumentCache corgi:https://registry.npmjs.org/@aws-sdk%2fmiddleware-user-agent cache-miss
733 http fetch GET 200 https://registry.npmjs.org/@aws-sdk%2fmiddleware-flexible-checksums 488ms (cache miss)
734 silly packumentCache corgi:https://registry.npmjs.org/@aws-sdk%2fmiddleware-flexible-checksums set size:undefined disposed:false
735 http fetch GET 200 https://registry.npmjs.org/@aws-sdk%2fcredential-provider-env 518ms (cache miss)
736 silly packumentCache corgi:https://registry.npmjs.org/@aws-sdk%2fcredential-provider-env set size:undefined disposed:false
737 http fetch GET 200 https://registry.npmjs.org/@aws-sdk%2fcredential-provider-http 546ms (cache miss)
738 silly packumentCache corgi:https://registry.npmjs.org/@aws-sdk%2fcredential-provider-http set size:undefined disposed:false
739 http fetch GET 200 https://registry.npmjs.org/@aws-sdk%2fcredential-provider-process 781ms (cache miss)
740 silly packumentCache corgi:https://registry.npmjs.org/@aws-sdk%2fcredential-provider-process set size:undefined disposed:false
741 http fetch GET 200 https://registry.npmjs.org/@aws-sdk%2fcredential-provider-web-identity 821ms (cache miss)
742 silly packumentCache corgi:https://registry.npmjs.org/@aws-sdk%2fcredential-provider-web-identity set size:undefined disposed:false
743 http fetch GET 200 https://registry.npmjs.org/@aws-sdk%2fmiddleware-user-agent 949ms (cache miss)
744 silly packumentCache corgi:https://registry.npmjs.org/@aws-sdk%2fmiddleware-user-agent set size:undefined disposed:false
745 http fetch GET 200 https://registry.npmjs.org/@aws-sdk%2fmiddleware-sdk-s3 965ms (cache miss)
746 silly packumentCache corgi:https://registry.npmjs.org/@aws-sdk%2fmiddleware-sdk-s3 set size:undefined disposed:false
747 http fetch GET 200 https://registry.npmjs.org/@aws-sdk%2fcredential-provider-sso 981ms (cache miss)
748 silly packumentCache corgi:https://registry.npmjs.org/@aws-sdk%2fcredential-provider-sso set size:undefined disposed:false
749 http fetch GET 200 https://registry.npmjs.org/@aws-sdk%2fcredential-provider-ini 995ms (cache miss)
750 silly packumentCache corgi:https://registry.npmjs.org/@aws-sdk%2fcredential-provider-ini set size:undefined disposed:false
751 silly packumentCache corgi:https://registry.npmjs.org/@aws-sdk%2ftoken-providers cache-miss
752 http fetch GET 200 https://registry.npmjs.org/@aws-sdk%2ftoken-providers 937ms (cache miss)
753 silly packumentCache corgi:https://registry.npmjs.org/@aws-sdk%2ftoken-providers set size:undefined disposed:false
754 silly packumentCache corgi:https://registry.npmjs.org/@aws-sdk%2fcredential-provider-node cache-miss
755 http fetch GET 200 https://registry.npmjs.org/@aws-sdk%2fcredential-provider-node 784ms (cache miss)
756 silly packumentCache corgi:https://registry.npmjs.org/@aws-sdk%2fcredential-provider-node set size:undefined disposed:false
757 silly packumentCache corgi:https://registry.npmjs.org/@aws-sdk%2futil-user-agent-node cache-miss
758 http fetch GET 200 https://registry.npmjs.org/@aws-sdk%2futil-user-agent-node 486ms (cache miss)
759 silly packumentCache corgi:https://registry.npmjs.org/@aws-sdk%2futil-user-agent-node set size:undefined disposed:false
760 silly packumentCache corgi:https://registry.npmjs.org/@aws-sdk%2fsignature-v4-multi-region cache-miss
761 http fetch GET 200 https://registry.npmjs.org/@aws-sdk%2fsignature-v4-multi-region 529ms (cache miss)
762 silly packumentCache corgi:https://registry.npmjs.org/@aws-sdk%2fsignature-v4-multi-region set size:undefined disposed:false
763 http fetch GET 200 https://registry.npmjs.org/next/-/next-15.1.9.tgz 75045ms (cache miss)
764 info run sharp@0.33.5 install node_modules/sharp node install/check
765 info run sharp@0.33.5 install { code: 0, signal: null }
766 info run aws-sdk@2.1692.0 postinstall node_modules/aws-sdk node scripts/warn-maintenance-mode.js
767 info run aws-sdk@2.1692.0 postinstall { code: 0, signal: null }
768 silly ADD node_modules/fast-sha256
769 silly ADD node_modules/@stablelib/base64
770 silly ADD node_modules/standardwebhooks
771 silly ADD node_modules/svix
772 silly ADD node_modules/svix/node_modules/uuid
773 silly ADD node_modules/postal-mime
774 silly ADD node_modules/@standard-schema/utils
775 silly ADD node_modules/zod
776 silly ADD node_modules/resend
777 silly ADD node_modules/react-hook-form
778 silly ADD node_modules/@hookform/resolvers
779 silly ADD node_modules/yocto-queue
780 silly ADD node_modules/yet-another-react-lightbox
781 silly ADD node_modules/xmlbuilder
782 silly ADD node_modules/xml2js
783 silly ADD node_modules/word-wrap
784 silly ADD node_modules/which-typed-array
785 silly ADD node_modules/which-collection
786 silly ADD node_modules/which-builtin-type
787 silly ADD node_modules/which-boxed-primitive
788 silly ADD node_modules/which
789 silly ADD node_modules/warning
790 silly ADD node_modules/venobox
791 silly ADD node_modules/value-equal
792 silly ADD node_modules/uuid
793 silly ADD node_modules/util
794 silly ADD node_modules/url
795 silly ADD node_modules/url/node_modules/punycode
796 silly ADD node_modules/uri-js
797 silly ADD node_modules/undici-types
798 silly ADD node_modules/unbox-primitive
799 silly ADD node_modules/typescript
800 silly ADD node_modules/typed-array-length
801 silly ADD node_modules/typed-array-byte-offset
802 silly ADD node_modules/typed-array-byte-length
803 silly ADD node_modules/typed-array-buffer
804 silly ADD node_modules/type-check
805 silly ADD node_modules/tslib
806 silly ADD node_modules/tsconfig-paths
807 silly ADD node_modules/ts-api-utils
808 silly ADD node_modules/to-regex-range
809 silly ADD node_modules/tinyglobby
810 silly ADD node_modules/tinyglobby/node_modules/picomatch
811 silly ADD node_modules/tinyglobby/node_modules/fdir
812 silly ADD node_modules/tiny-warning
813 silly ADD node_modules/tiny-invariant
814 silly ADD node_modules/tapable
815 silly ADD node_modules/swiper
816 silly ADD node_modules/supports-preserve-symlinks-flag
817 silly ADD node_modules/supports-color
818 silly ADD node_modules/styled-jsx
819 silly ADD node_modules/strnum
820 silly ADD node_modules/strip-json-comments
821 silly ADD node_modules/strip-bom
822 silly ADD node_modules/string.prototype.trimstart
823 silly ADD node_modules/string.prototype.trimend
824 silly ADD node_modules/string.prototype.trim
825 silly ADD node_modules/string.prototype.repeat
826 silly ADD node_modules/string.prototype.matchall
827 silly ADD node_modules/string.prototype.includes
828 silly ADD node_modules/streamsearch
829 silly ADD node_modules/stable-hash
830 silly ADD node_modules/source-map-js
831 silly ADD node_modules/simple-swizzle
832 silly ADD node_modules/side-channel-weakmap
833 silly ADD node_modules/side-channel-map
834 silly ADD node_modules/side-channel-list
835 silly ADD node_modules/side-channel
836 silly ADD node_modules/shebang-regex
837 silly ADD node_modules/shebang-command
838 silly ADD node_modules/sharp
839 silly ADD node_modules/set-proto
840 silly ADD node_modules/set-function-name
841 silly ADD node_modules/set-function-length
842 silly ADD node_modules/semver
843 silly ADD node_modules/scheduler
844 silly ADD node_modules/sax
845 silly ADD node_modules/safe-regex-test
846 silly ADD node_modules/safe-push-apply
847 silly ADD node_modules/safe-array-concat
848 silly ADD node_modules/run-parallel
849 silly ADD node_modules/reusify
850 silly ADD node_modules/resolve-pkg-maps
851 silly ADD node_modules/resolve-pathname
852 silly ADD node_modules/resolve-from
853 silly ADD node_modules/resolve
854 silly ADD node_modules/regexp.prototype.flags
855 silly ADD node_modules/regenerator-runtime
856 silly ADD node_modules/reflect.getprototypeof
857 silly ADD node_modules/react-router-dom
858 silly ADD node_modules/react-router
859 silly ADD node_modules/react-is
860 silly ADD node_modules/react-interactive
861 silly ADD node_modules/react-dom
862 silly ADD node_modules/react-countup
863 silly ADD node_modules/react-bootstrap-icons
864 silly ADD node_modules/react
865 silly ADD node_modules/queue-microtask
866 silly ADD node_modules/querystring
867 silly ADD node_modules/punycode
868 silly ADD node_modules/prop-types
869 silly ADD node_modules/prelude-ls
870 silly ADD node_modules/postgres
871 silly ADD node_modules/postcss
872 silly ADD node_modules/possible-typed-array-names
873 silly ADD node_modules/picomatch
874 silly ADD node_modules/picocolors
875 silly ADD node_modules/path-to-regexp
876 silly ADD node_modules/path-to-regexp/node_modules/isarray
877 silly ADD node_modules/path-parse
878 silly ADD node_modules/path-key
879 silly ADD node_modules/path-exists
880 silly ADD node_modules/parent-module
881 silly ADD node_modules/p-locate
882 silly ADD node_modules/p-limit
883 silly ADD node_modules/own-keys
884 silly ADD node_modules/outlayer
885 silly ADD node_modules/optionator
886 silly ADD node_modules/object.values
887 silly ADD node_modules/object.groupby
888 silly ADD node_modules/object.fromentries
889 silly ADD node_modules/object.entries
890 silly ADD node_modules/object.assign
891 silly ADD node_modules/object-keys
892 silly ADD node_modules/object-inspect
893 silly ADD node_modules/object-assign
894 silly ADD node_modules/next
895 silly ADD node_modules/natural-compare
896 silly ADD node_modules/nanoid
897 silly ADD node_modules/ms
898 silly ADD node_modules/minimist
899 silly ADD node_modules/minimatch
900 silly ADD node_modules/micromatch
901 silly ADD node_modules/merge2
902 silly ADD node_modules/math-intrinsics
903 silly ADD node_modules/masonry-layout
904 silly ADD node_modules/loose-envify
905 silly ADD node_modules/lodash.throttle
906 silly ADD node_modules/lodash.merge
907 silly ADD node_modules/lodash.debounce
908 silly ADD node_modules/locate-path
909 silly ADD node_modules/levn
910 silly ADD node_modules/language-tags
911 silly ADD node_modules/language-subtag-registry
912 silly ADD node_modules/keyv
913 silly ADD node_modules/jsx-ast-utils
914 silly ADD node_modules/json5
915 silly ADD node_modules/json-stable-stringify-without-jsonify
916 silly ADD node_modules/json-schema-traverse
917 silly ADD node_modules/json-buffer
918 silly ADD node_modules/js-yaml
919 silly ADD node_modules/js-tokens
920 silly ADD node_modules/jquery
921 silly ADD node_modules/jmespath
922 silly ADD node_modules/iterator.prototype
923 silly ADD node_modules/isotope-layout
924 silly ADD node_modules/isexe
925 silly ADD node_modules/isarray
926 silly ADD node_modules/is-weakset
927 silly ADD node_modules/is-weakref
928 silly ADD node_modules/is-weakmap
929 silly ADD node_modules/is-typed-array
930 silly ADD node_modules/is-symbol
931 silly ADD node_modules/is-string
932 silly ADD node_modules/is-shared-array-buffer
933 silly ADD node_modules/is-set
934 silly ADD node_modules/is-regex
935 silly ADD node_modules/is-number-object
936 silly ADD node_modules/is-number
937 silly ADD node_modules/is-map
938 silly ADD node_modules/is-glob
939 silly ADD node_modules/is-generator-function
940 silly ADD node_modules/is-finalizationregistry
941 silly ADD node_modules/is-extglob
942 silly ADD node_modules/is-date-object
943 silly ADD node_modules/is-data-view
944 silly ADD node_modules/is-core-module
945 silly ADD node_modules/is-callable
946 silly ADD node_modules/is-bun-module
947 silly ADD node_modules/is-boolean-object
948 silly ADD node_modules/is-bigint
949 silly ADD node_modules/is-async-function
950 silly ADD node_modules/is-arrayish
951 silly ADD node_modules/is-array-buffer
952 silly ADD node_modules/is-arguments
953 silly ADD node_modules/invariant
954 silly ADD node_modules/internal-slot
955 silly ADD node_modules/inherits
956 silly ADD node_modules/imurmurhash
957 silly ADD node_modules/import-fresh
958 silly ADD node_modules/ignore
959 silly ADD node_modules/ieee754
960 silly ADD node_modules/hoist-non-react-statics
961 silly ADD node_modules/history
962 silly ADD node_modules/hasown
963 silly ADD node_modules/has-tostringtag
964 silly ADD node_modules/has-symbols
965 silly ADD node_modules/has-proto
966 silly ADD node_modules/has-property-descriptors
967 silly ADD node_modules/has-flag
968 silly ADD node_modules/has-bigints
969 silly ADD node_modules/graphemer
970 silly ADD node_modules/graceful-fs
971 silly ADD node_modules/gopd
972 silly ADD node_modules/globalthis
973 silly ADD node_modules/globals
974 silly ADD node_modules/glob-parent
975 silly ADD node_modules/get-tsconfig
976 silly ADD node_modules/get-symbol-description
977 silly ADD node_modules/get-size
978 silly ADD node_modules/get-proto
979 silly ADD node_modules/get-intrinsic
980 silly ADD node_modules/functions-have-names
981 silly ADD node_modules/function.prototype.name
982 silly ADD node_modules/function-bind
983 silly ADD node_modules/fslightbox-react
984 silly ADD node_modules/for-each
985 silly ADD node_modules/flatted
986 silly ADD node_modules/flat-cache
987 silly ADD node_modules/fizzy-ui-utils
988 silly ADD node_modules/find-up
989 silly ADD node_modules/fill-range
990 silly ADD node_modules/file-entry-cache
991 silly ADD node_modules/fastq
992 silly ADD node_modules/fast-xml-parser
993 silly ADD node_modules/fast-levenshtein
994 silly ADD node_modules/fast-json-stable-stringify
995 silly ADD node_modules/fast-glob
996 silly ADD node_modules/fast-glob/node_modules/glob-parent
997 silly ADD node_modules/fast-deep-equal
998 silly ADD node_modules/events
999 silly ADD node_modules/ev-emitter
1000 silly ADD node_modules/esutils
1001 silly ADD node_modules/estraverse
1002 silly ADD node_modules/esrecurse
1003 silly ADD node_modules/esquery
1004 silly ADD node_modules/espree
1005 silly ADD node_modules/eslint-visitor-keys
1006 silly ADD node_modules/eslint-scope
1007 silly ADD node_modules/eslint-plugin-react-hooks
1008 silly ADD node_modules/eslint-plugin-react
1009 silly ADD node_modules/eslint-plugin-react/node_modules/semver
1010 silly ADD node_modules/eslint-plugin-react/node_modules/resolve
1011 silly ADD node_modules/eslint-plugin-jsx-a11y
1012 silly ADD node_modules/eslint-plugin-import
1013 silly ADD node_modules/eslint-plugin-import/node_modules/semver
1014 silly ADD node_modules/eslint-plugin-import/node_modules/debug
1015 silly ADD node_modules/eslint-module-utils
1016 silly ADD node_modules/eslint-module-utils/node_modules/debug
1017 silly ADD node_modules/eslint-import-resolver-typescript
1018 silly ADD node_modules/eslint-import-resolver-node
1019 silly ADD node_modules/eslint-import-resolver-node/node_modules/debug
1020 silly ADD node_modules/eslint-config-next
1021 silly ADD node_modules/eslint
1022 silly ADD node_modules/escape-string-regexp
1023 silly ADD node_modules/es-to-primitive
1024 silly ADD node_modules/es-shim-unscopables
1025 silly ADD node_modules/es-set-tostringtag
1026 silly ADD node_modules/es-object-atoms
1027 silly ADD node_modules/es-iterator-helpers
1028 silly ADD node_modules/es-errors
1029 silly ADD node_modules/es-define-property
1030 silly ADD node_modules/es-abstract
1031 silly ADD node_modules/enhanced-resolve
1032 silly ADD node_modules/emoji-regex
1033 silly ADD node_modules/dunder-proto
1034 silly ADD node_modules/doctrine
1035 silly ADD node_modules/detect-touch-events
1036 silly ADD node_modules/detect-pointer
1037 silly ADD node_modules/detect-passive-events
1038 silly ADD node_modules/detect-libc
1039 silly ADD node_modules/detect-it
1040 silly ADD node_modules/detect-hover
1041 silly ADD node_modules/desandro-matches-selector
1042 silly ADD node_modules/define-properties
1043 silly ADD node_modules/define-data-property
1044 silly ADD node_modules/deep-is
1045 silly ADD node_modules/debug
1046 silly ADD node_modules/data-view-byte-offset
1047 silly ADD node_modules/data-view-byte-length
1048 silly ADD node_modules/data-view-buffer
1049 silly ADD node_modules/damerau-levenshtein
1050 silly ADD node_modules/csstype
1051 silly ADD node_modules/cross-spawn
1052 silly ADD node_modules/countup.js
1053 silly ADD node_modules/concat-map
1054 silly ADD node_modules/color-string
1055 silly ADD node_modules/color-name
1056 silly ADD node_modules/color-convert
1057 silly ADD node_modules/color
1058 silly ADD node_modules/client-only
1059 silly ADD node_modules/classlist-polyfill
1060 silly ADD node_modules/chalk
1061 silly ADD node_modules/caniuse-lite
1062 silly ADD node_modules/callsites
1063 silly ADD node_modules/call-bound
1064 silly ADD node_modules/call-bind-apply-helpers
1065 silly ADD node_modules/call-bind
1066 silly ADD node_modules/busboy
1067 silly ADD node_modules/buffer
1068 silly ADD node_modules/buffer/node_modules/isarray
1069 silly ADD node_modules/braces
1070 silly ADD node_modules/brace-expansion
1071 silly ADD node_modules/boxicons
1072 silly ADD node_modules/boxicons/node_modules/scheduler
1073 silly ADD node_modules/boxicons/node_modules/react-dom
1074 silly ADD node_modules/boxicons/node_modules/react
1075 silly ADD node_modules/bowser
1076 silly ADD node_modules/bootstrap-icons
1077 silly ADD node_modules/bootstrap
1078 silly ADD node_modules/base64-js
1079 silly ADD node_modules/balanced-match
1080 silly ADD node_modules/axobject-query
1081 silly ADD node_modules/axe-core
1082 silly ADD node_modules/aws-sdk
1083 silly ADD node_modules/aws-sdk/node_modules/uuid
1084 silly ADD node_modules/available-typed-arrays
1085 silly ADD node_modules/async-function
1086 silly ADD node_modules/ast-types-flow
1087 silly ADD node_modules/arraybuffer.prototype.slice
1088 silly ADD node_modules/array.prototype.tosorted
1089 silly ADD node_modules/array.prototype.flatmap
1090 silly ADD node_modules/array.prototype.flat
1091 silly ADD node_modules/array.prototype.findlastindex
1092 silly ADD node_modules/array.prototype.findlast
1093 silly ADD node_modules/array-includes
1094 silly ADD node_modules/array-buffer-byte-length
1095 silly ADD node_modules/aria-query
1096 silly ADD node_modules/argparse
1097 silly ADD node_modules/aos
1098 silly ADD node_modules/ansi-styles
1099 silly ADD node_modules/ajv
1100 silly ADD node_modules/acorn-jsx
1101 silly ADD node_modules/acorn
1102 silly ADD node_modules/@webcomponents/webcomponentsjs
1103 silly ADD node_modules/@typescript-eslint/visitor-keys
1104 silly ADD node_modules/@typescript-eslint/utils
1105 silly ADD node_modules/@typescript-eslint/typescript-estree
1106 silly ADD node_modules/@typescript-eslint/typescript-estree/node_modules/minimatch
1107 silly ADD node_modules/@typescript-eslint/typescript-estree/node_modules/glob-parent
1108 silly ADD node_modules/@typescript-eslint/typescript-estree/node_modules/fast-glob
1109 silly ADD node_modules/@typescript-eslint/typescript-estree/node_modules/brace-expansion
1110 silly ADD node_modules/@typescript-eslint/types
1111 silly ADD node_modules/@typescript-eslint/type-utils
1112 silly ADD node_modules/@typescript-eslint/scope-manager
1113 silly ADD node_modules/@typescript-eslint/parser
1114 silly ADD node_modules/@typescript-eslint/eslint-plugin
1115 silly ADD node_modules/@types/react
1116 silly ADD node_modules/@types/node
1117 silly ADD node_modules/@types/json5
1118 silly ADD node_modules/@types/json-schema
1119 silly ADD node_modules/@types/estree
1120 silly ADD node_modules/@swc/helpers
1121 silly ADD node_modules/@swc/counter
1122 silly ADD node_modules/@srexi/purecounterjs
1123 silly ADD node_modules/@smithy/util-waiter
1124 silly ADD node_modules/@smithy/util-utf8
1125 silly ADD node_modules/@smithy/util-uri-escape
1126 silly ADD node_modules/@smithy/util-stream
1127 silly ADD node_modules/@smithy/util-retry
1128 silly ADD node_modules/@smithy/util-middleware
1129 silly ADD node_modules/@smithy/util-hex-encoding
1130 silly ADD node_modules/@smithy/util-endpoints
1131 silly ADD node_modules/@smithy/util-defaults-mode-node
1132 silly ADD node_modules/@smithy/util-defaults-mode-browser
1133 silly ADD node_modules/@smithy/util-config-provider
1134 silly ADD node_modules/@smithy/util-buffer-from
1135 silly ADD node_modules/@smithy/util-body-length-node
1136 silly ADD node_modules/@smithy/util-body-length-browser
1137 silly ADD node_modules/@smithy/util-base64
1138 silly ADD node_modules/@smithy/url-parser
1139 silly ADD node_modules/@smithy/types
1140 silly ADD node_modules/@smithy/smithy-client
1141 silly ADD node_modules/@smithy/signature-v4
1142 silly ADD node_modules/@smithy/shared-ini-file-loader
1143 silly ADD node_modules/@smithy/service-error-classification
1144 silly ADD node_modules/@smithy/querystring-parser
1145 silly ADD node_modules/@smithy/querystring-builder
1146 silly ADD node_modules/@smithy/protocol-http
1147 silly ADD node_modules/@smithy/property-provider
1148 silly ADD node_modules/@smithy/node-http-handler
1149 silly ADD node_modules/@smithy/node-config-provider
1150 silly ADD node_modules/@smithy/middleware-stack
1151 silly ADD node_modules/@smithy/middleware-serde
1152 silly ADD node_modules/@smithy/middleware-retry
1153 silly ADD node_modules/@smithy/middleware-endpoint
1154 silly ADD node_modules/@smithy/middleware-content-length
1155 silly ADD node_modules/@smithy/md5-js
1156 silly ADD node_modules/@smithy/is-array-buffer
1157 silly ADD node_modules/@smithy/invalid-dependency
1158 silly ADD node_modules/@smithy/hash-stream-node
1159 silly ADD node_modules/@smithy/hash-node
1160 silly ADD node_modules/@smithy/hash-blob-browser
1161 silly ADD node_modules/@smithy/fetch-http-handler
1162 silly ADD node_modules/@smithy/eventstream-serde-universal
1163 silly ADD node_modules/@smithy/eventstream-serde-node
1164 silly ADD node_modules/@smithy/eventstream-serde-config-resolver
1165 silly ADD node_modules/@smithy/eventstream-serde-browser
1166 silly ADD node_modules/@smithy/eventstream-codec
1167 silly ADD node_modules/@smithy/credential-provider-imds
1168 silly ADD node_modules/@smithy/core
1169 silly ADD node_modules/@smithy/config-resolver
1170 silly ADD node_modules/@smithy/chunked-blob-reader-native
1171 silly ADD node_modules/@smithy/chunked-blob-reader
1172 silly ADD node_modules/@smithy/abort-controller
1173 silly ADD node_modules/@rushstack/eslint-patch
1174 silly ADD node_modules/@rtsao/scc
1175 silly ADD node_modules/@popperjs/core
1176 silly ADD node_modules/@nolyfill/is-core-module
1177 silly ADD node_modules/@nodelib/fs.walk
1178 silly ADD node_modules/@nodelib/fs.stat
1179 silly ADD node_modules/@nodelib/fs.scandir
1180 silly ADD node_modules/@next/swc-win32-x64-msvc
1181 silly ADD node_modules/@next/eslint-plugin-next
1182 silly ADD node_modules/@next/env
1183 silly ADD node_modules/@img/sharp-win32-x64
1184 silly ADD node_modules/@humanwhocodes/retry
1185 silly ADD node_modules/@humanwhocodes/module-importer
1186 silly ADD node_modules/@humanfs/node
1187 silly ADD node_modules/@humanfs/node/node_modules/@humanwhocodes/retry
1188 silly ADD node_modules/@humanfs/core
1189 silly ADD node_modules/@eslint/plugin-kit
1190 silly ADD node_modules/@eslint/plugin-kit/node_modules/@eslint/core
1191 silly ADD node_modules/@eslint/object-schema
1192 silly ADD node_modules/@eslint/js
1193 silly ADD node_modules/@eslint/eslintrc
1194 silly ADD node_modules/@eslint/core
1195 silly ADD node_modules/@eslint/config-array
1196 silly ADD node_modules/@eslint-community/regexpp
1197 silly ADD node_modules/@eslint-community/eslint-utils
1198 silly ADD node_modules/@eslint-community/eslint-utils/node_modules/eslint-visitor-keys
1199 silly ADD node_modules/@babel/runtime
1200 silly ADD node_modules/@aws-sdk/xml-builder
1201 silly ADD node_modules/@aws-sdk/util-user-agent-node
1202 silly ADD node_modules/@aws-sdk/util-user-agent-browser
1203 silly ADD node_modules/@aws-sdk/util-locate-window
1204 silly ADD node_modules/@aws-sdk/util-endpoints
1205 silly ADD node_modules/@aws-sdk/util-arn-parser
1206 silly ADD node_modules/@aws-sdk/types
1207 silly ADD node_modules/@aws-sdk/token-providers
1208 silly ADD node_modules/@aws-sdk/signature-v4-multi-region
1209 silly ADD node_modules/@aws-sdk/region-config-resolver
1210 silly ADD node_modules/@aws-sdk/nested-clients
1211 silly ADD node_modules/@aws-sdk/middleware-user-agent
1212 silly ADD node_modules/@aws-sdk/middleware-ssec
1213 silly ADD node_modules/@aws-sdk/middleware-sdk-s3
1214 silly ADD node_modules/@aws-sdk/middleware-recursion-detection
1215 silly ADD node_modules/@aws-sdk/middleware-logger
1216 silly ADD node_modules/@aws-sdk/middleware-location-constraint
1217 silly ADD node_modules/@aws-sdk/middleware-host-header
1218 silly ADD node_modules/@aws-sdk/middleware-flexible-checksums
1219 silly ADD node_modules/@aws-sdk/middleware-expect-continue
1220 silly ADD node_modules/@aws-sdk/middleware-bucket-endpoint
1221 silly ADD node_modules/@aws-sdk/credential-provider-web-identity
1222 silly ADD node_modules/@aws-sdk/credential-provider-sso
1223 silly ADD node_modules/@aws-sdk/credential-provider-process
1224 silly ADD node_modules/@aws-sdk/credential-provider-node
1225 silly ADD node_modules/@aws-sdk/credential-provider-ini
1226 silly ADD node_modules/@aws-sdk/credential-provider-http
1227 silly ADD node_modules/@aws-sdk/credential-provider-env
1228 silly ADD node_modules/@aws-sdk/core
1229 silly ADD node_modules/@aws-sdk/client-sso
1230 silly ADD node_modules/@aws-sdk/client-s3
1231 silly ADD node_modules/@aws-crypto/util
1232 silly ADD node_modules/@aws-crypto/util/node_modules/@smithy/util-utf8
1233 silly ADD node_modules/@aws-crypto/util/node_modules/@smithy/util-buffer-from
1234 silly ADD node_modules/@aws-crypto/util/node_modules/@smithy/is-array-buffer
1235 silly ADD node_modules/@aws-crypto/supports-web-crypto
1236 silly ADD node_modules/@aws-crypto/sha256-js
1237 silly ADD node_modules/@aws-crypto/sha256-browser
1238 silly ADD node_modules/@aws-crypto/sha256-browser/node_modules/@smithy/util-utf8
1239 silly ADD node_modules/@aws-crypto/sha256-browser/node_modules/@smithy/util-buffer-from
1240 silly ADD node_modules/@aws-crypto/sha256-browser/node_modules/@smithy/is-array-buffer
1241 silly ADD node_modules/@aws-crypto/sha1-browser
1242 silly ADD node_modules/@aws-crypto/sha1-browser/node_modules/@smithy/util-utf8
1243 silly ADD node_modules/@aws-crypto/sha1-browser/node_modules/@smithy/util-buffer-from
1244 silly ADD node_modules/@aws-crypto/sha1-browser/node_modules/@smithy/is-array-buffer
1245 silly ADD node_modules/@aws-crypto/crc32c
1246 silly ADD node_modules/@aws-crypto/crc32
1247 verbose cwd D:\Software Projects\tacommodity-nextjs
1248 verbose os Windows_NT 10.0.22631
1249 verbose node v22.14.0
1250 verbose npm  v11.11.0
1251 verbose exit 0
1252 info ok
